# Verdict snapshot for ops/gate-replay.py. One row per gate, hook event and
# fixture whose verdict is NOT allow, plus one `(all)` counts row per gate
# and event; every fixture without a row was allowed. Regenerate after a
# deliberate verdict change with:
#     python3 ops/gate-replay.py --update
# and commit it in the same pull request as the change.
# gate	event	fixture	verdict	reason
bash-write-gate.py	PreToolUse[Bash]	(all)	counts	allow=320
blocker-decider-gate.py	PreToolUse[mcp__.*__(record-defect|add-loop)]	(all)	counts	allow=4
canonical-edit-gate.py	PreToolUse[Write|Edit|MultiEdit]	(all)	counts	deny=78
canonical-edit-gate.py	PreToolUse[Write|Edit|MultiEdit]	edits:005d482ca566	deny	CANONICAL EDIT GATE — refused.
canonical-edit-gate.py	PreToolUse[Write|Edit|MultiEdit]	edits:010a4c03c18b	deny	CANONICAL EDIT GATE — refused.
canonical-edit-gate.py	PreToolUse[Write|Edit|MultiEdit]	edits:01ae1bd19913	deny	CANONICAL EDIT GATE — refused.
canonical-edit-gate.py	PreToolUse[Write|Edit|MultiEdit]	edits:03e198646e6d	deny	CANONICAL EDIT GATE — refused.
canonical-edit-gate.py	PreToolUse[Write|Edit|MultiEdit]	edits:090724b72058	deny	CANONICAL EDIT GATE — refused.
canonical-edit-gate.py	PreToolUse[Write|Edit|MultiEdit]	edits:0a64781c385b	deny	CANONICAL EDIT GATE — refused.
canonical-edit-gate.py	PreToolUse[Write|Edit|MultiEdit]	edits:0ba2e8a87506	deny	CANONICAL EDIT GATE — refused.
canonical-edit-gate.py	PreToolUse[Write|Edit|MultiEdit]	edits:0ebaefe865cb	deny	CANONICAL EDIT GATE — refused.
canonical-edit-gate.py	PreToolUse[Write|Edit|MultiEdit]	edits:0f09b0fb8f85	deny	CANONICAL EDIT GATE — refused.
canonical-edit-gate.py	PreToolUse[Write|Edit|MultiEdit]	edits:106ba50bf4f1	deny	CANONICAL EDIT GATE — refused.
canonical-edit-gate.py	PreToolUse[Write|Edit|MultiEdit]	edits:12993081a8ac	deny	CANONICAL EDIT GATE — refused.
canonical-edit-gate.py	PreToolUse[Write|Edit|MultiEdit]	edits:1c14d7cd0107	deny	CANONICAL EDIT GATE — refused.
canonical-edit-gate.py	PreToolUse[Write|Edit|MultiEdit]	edits:24e45f35da6a	deny	CANONICAL EDIT GATE — refused.
canonical-edit-gate.py	PreToolUse[Write|Edit|MultiEdit]	edits:282101857332	deny	CANONICAL EDIT GATE — refused.
canonical-edit-gate.py	PreToolUse[Write|Edit|MultiEdit]	edits:2846baa603e1	deny	CANONICAL EDIT GATE — refused.
canonical-edit-gate.py	PreToolUse[Write|Edit|MultiEdit]	edits:2a66692e0056	deny	CANONICAL EDIT GATE — refused.
canonical-edit-gate.py	PreToolUse[Write|Edit|MultiEdit]	edits:2d46204312ac	deny	CANONICAL EDIT GATE — refused.
canonical-edit-gate.py	PreToolUse[Write|Edit|MultiEdit]	edits:352c8dc8ef9e	deny	CANONICAL EDIT GATE — refused.
canonical-edit-gate.py	PreToolUse[Write|Edit|MultiEdit]	edits:35d9f017b2f2	deny	CANONICAL EDIT GATE — refused.
canonical-edit-gate.py	PreToolUse[Write|Edit|MultiEdit]	edits:37a4a6b3751c	deny	CANONICAL EDIT GATE — refused.
canonical-edit-gate.py	PreToolUse[Write|Edit|MultiEdit]	edits:3ea11d9f62a3	deny	CANONICAL EDIT GATE — refused.
canonical-edit-gate.py	PreToolUse[Write|Edit|MultiEdit]	edits:46ed19be24a5	deny	CANONICAL EDIT GATE — refused.
canonical-edit-gate.py	PreToolUse[Write|Edit|MultiEdit]	edits:48d455eec5a1	deny	CANONICAL EDIT GATE — refused.
canonical-edit-gate.py	PreToolUse[Write|Edit|MultiEdit]	edits:4ea164ba7c1a	deny	CANONICAL EDIT GATE — refused.
canonical-edit-gate.py	PreToolUse[Write|Edit|MultiEdit]	edits:4eeb44ad3d4f	deny	CANONICAL EDIT GATE — refused.
canonical-edit-gate.py	PreToolUse[Write|Edit|MultiEdit]	edits:50d0da61a891	deny	CANONICAL EDIT GATE — refused.
canonical-edit-gate.py	PreToolUse[Write|Edit|MultiEdit]	edits:52c30beb1863	deny	CANONICAL EDIT GATE — refused.
canonical-edit-gate.py	PreToolUse[Write|Edit|MultiEdit]	edits:5b6d0f1aa37c	deny	CANONICAL EDIT GATE — refused.
canonical-edit-gate.py	PreToolUse[Write|Edit|MultiEdit]	edits:5b9f3adbd9c3	deny	CANONICAL EDIT GATE — refused.
canonical-edit-gate.py	PreToolUse[Write|Edit|MultiEdit]	edits:5f1136cb8536	deny	CANONICAL EDIT GATE — refused.
canonical-edit-gate.py	PreToolUse[Write|Edit|MultiEdit]	edits:5fcdef5490e0	deny	CANONICAL EDIT GATE — refused.
canonical-edit-gate.py	PreToolUse[Write|Edit|MultiEdit]	edits:6a9898a282d3	deny	CANONICAL EDIT GATE — refused.
canonical-edit-gate.py	PreToolUse[Write|Edit|MultiEdit]	edits:6d024df913ba	deny	CANONICAL EDIT GATE — refused.
canonical-edit-gate.py	PreToolUse[Write|Edit|MultiEdit]	edits:7531ac48792e	deny	CANONICAL EDIT GATE — refused.
canonical-edit-gate.py	PreToolUse[Write|Edit|MultiEdit]	edits:77ec78177980	deny	CANONICAL EDIT GATE — refused.
canonical-edit-gate.py	PreToolUse[Write|Edit|MultiEdit]	edits:7a7a7df59adf	deny	CANONICAL EDIT GATE — refused.
canonical-edit-gate.py	PreToolUse[Write|Edit|MultiEdit]	edits:7adb3b4daa7b	deny	CANONICAL EDIT GATE — refused.
canonical-edit-gate.py	PreToolUse[Write|Edit|MultiEdit]	edits:7c8038af7afb	deny	CANONICAL EDIT GATE — refused.
canonical-edit-gate.py	PreToolUse[Write|Edit|MultiEdit]	edits:7f53c2334c84	deny	CANONICAL EDIT GATE — refused.
canonical-edit-gate.py	PreToolUse[Write|Edit|MultiEdit]	edits:82f56361511d	deny	CANONICAL EDIT GATE — refused.
canonical-edit-gate.py	PreToolUse[Write|Edit|MultiEdit]	edits:839237a8b67e	deny	CANONICAL EDIT GATE — refused.
canonical-edit-gate.py	PreToolUse[Write|Edit|MultiEdit]	edits:8aa933223041	deny	CANONICAL EDIT GATE — refused.
canonical-edit-gate.py	PreToolUse[Write|Edit|MultiEdit]	edits:8b325b1e48d3	deny	CANONICAL EDIT GATE — refused.
canonical-edit-gate.py	PreToolUse[Write|Edit|MultiEdit]	edits:8cb3c1a0ec84	deny	CANONICAL EDIT GATE — refused.
canonical-edit-gate.py	PreToolUse[Write|Edit|MultiEdit]	edits:9040e248320f	deny	CANONICAL EDIT GATE — refused.
canonical-edit-gate.py	PreToolUse[Write|Edit|MultiEdit]	edits:936ead460a28	deny	CANONICAL EDIT GATE — refused.
canonical-edit-gate.py	PreToolUse[Write|Edit|MultiEdit]	edits:938f9e05899c	deny	CANONICAL EDIT GATE — refused.
canonical-edit-gate.py	PreToolUse[Write|Edit|MultiEdit]	edits:95954e0ba4f7	deny	CANONICAL EDIT GATE — refused.
canonical-edit-gate.py	PreToolUse[Write|Edit|MultiEdit]	edits:9c08586d67cf	deny	CANONICAL EDIT GATE — refused.
canonical-edit-gate.py	PreToolUse[Write|Edit|MultiEdit]	edits:a6bb8d7e4899	deny	CANONICAL EDIT GATE — refused.
canonical-edit-gate.py	PreToolUse[Write|Edit|MultiEdit]	edits:bd28a4705e8e	deny	CANONICAL EDIT GATE — refused.
canonical-edit-gate.py	PreToolUse[Write|Edit|MultiEdit]	edits:c44bca5616e8	deny	CANONICAL EDIT GATE — refused.
canonical-edit-gate.py	PreToolUse[Write|Edit|MultiEdit]	edits:c97dd4636c97	deny	CANONICAL EDIT GATE — refused.
canonical-edit-gate.py	PreToolUse[Write|Edit|MultiEdit]	edits:cdbcf60040f0	deny	CANONICAL EDIT GATE — refused.
canonical-edit-gate.py	PreToolUse[Write|Edit|MultiEdit]	edits:cdd65a0f0747	deny	CANONICAL EDIT GATE — refused.
canonical-edit-gate.py	PreToolUse[Write|Edit|MultiEdit]	edits:cf9fe3e4634d	deny	CANONICAL EDIT GATE — refused.
canonical-edit-gate.py	PreToolUse[Write|Edit|MultiEdit]	edits:d1e2d11c38bf	deny	CANONICAL EDIT GATE — refused.
canonical-edit-gate.py	PreToolUse[Write|Edit|MultiEdit]	edits:d1f3ea015436	deny	CANONICAL EDIT GATE — refused.
canonical-edit-gate.py	PreToolUse[Write|Edit|MultiEdit]	edits:d2e9f981721e	deny	CANONICAL EDIT GATE — refused.
canonical-edit-gate.py	PreToolUse[Write|Edit|MultiEdit]	edits:d30781a88870	deny	CANONICAL EDIT GATE — refused.
canonical-edit-gate.py	PreToolUse[Write|Edit|MultiEdit]	edits:d4564e9ee298	deny	CANONICAL EDIT GATE — refused.
canonical-edit-gate.py	PreToolUse[Write|Edit|MultiEdit]	edits:d9316125677c	deny	CANONICAL EDIT GATE — refused.
canonical-edit-gate.py	PreToolUse[Write|Edit|MultiEdit]	edits:d9f8158e788a	deny	CANONICAL EDIT GATE — refused.
canonical-edit-gate.py	PreToolUse[Write|Edit|MultiEdit]	edits:e118d512a4fa	deny	CANONICAL EDIT GATE — refused.
canonical-edit-gate.py	PreToolUse[Write|Edit|MultiEdit]	edits:e43bee54f105	deny	CANONICAL EDIT GATE — refused.
canonical-edit-gate.py	PreToolUse[Write|Edit|MultiEdit]	edits:e4504e612dc7	deny	CANONICAL EDIT GATE — refused.
canonical-edit-gate.py	PreToolUse[Write|Edit|MultiEdit]	edits:e6159e6e35df	deny	CANONICAL EDIT GATE — refused.
canonical-edit-gate.py	PreToolUse[Write|Edit|MultiEdit]	edits:e87f7bda8743	deny	CANONICAL EDIT GATE — refused.
canonical-edit-gate.py	PreToolUse[Write|Edit|MultiEdit]	edits:e9dc423af926	deny	CANONICAL EDIT GATE — refused.
canonical-edit-gate.py	PreToolUse[Write|Edit|MultiEdit]	edits:ed4bb40b7621	deny	CANONICAL EDIT GATE — refused.
canonical-edit-gate.py	PreToolUse[Write|Edit|MultiEdit]	edits:eeffd812b61c	deny	CANONICAL EDIT GATE — refused.
canonical-edit-gate.py	PreToolUse[Write|Edit|MultiEdit]	edits:f04b9936c6a2	deny	CANONICAL EDIT GATE — refused.
canonical-edit-gate.py	PreToolUse[Write|Edit|MultiEdit]	edits:f47899fdbe4b	deny	CANONICAL EDIT GATE — refused.
canonical-edit-gate.py	PreToolUse[Write|Edit|MultiEdit]	edits:f5c0deb10c61	deny	CANONICAL EDIT GATE — refused.
canonical-edit-gate.py	PreToolUse[Write|Edit|MultiEdit]	edits:f66adb22dbc7	deny	CANONICAL EDIT GATE — refused.
canonical-edit-gate.py	PreToolUse[Write|Edit|MultiEdit]	edits:fa39d0ae0973	deny	CANONICAL EDIT GATE — refused.
canonical-edit-gate.py	PreToolUse[Write|Edit|MultiEdit]	edits:fcec80f23365	deny	CANONICAL EDIT GATE — refused.
canonical-edit-gate.py	PreToolUse[Write|Edit|MultiEdit]	edits:fd26ca56df4b	deny	CANONICAL EDIT GATE — refused.
chat-lint-carryover.py	UserPromptSubmit	(all)	counts	allow=6
chat-lint-gate.py	Stop	(all)	counts	allow=87
close-before-open-gate.py	PreToolUse[Write|Edit|MultiEdit]	(all)	counts	allow=78
completion-evidence-gate.py	Stop	(all)	counts	allow=40 reopen=47
completion-evidence-gate.py	Stop	advisories:0b5544d0632d/claims-done	reopen	COMPLETION EVIDENCE GATE — unaccounted clause [repo]: "Make the scoped change described in the work request, run its selftest," — no receipt
completion-evidence-gate.py	Stop	advisories:1131c706f9fd/claims-done	reopen	COMPLETION EVIDENCE GATE — unaccounted clause [repo]: "Make the scoped change described in the work request, run its selftest," — no receipt
completion-evidence-gate.py	Stop	advisories:13676fdf59f5/claims-done	reopen	COMPLETION EVIDENCE GATE — unaccounted clause [repo]: "Make the scoped change described in the work request, run its selftest," — no receipt
completion-evidence-gate.py	Stop	advisories:157aa0d9648b/reports-evidence	reopen	COMPLETION EVIDENCE GATE — unaccounted clause [repo]: "Make the scoped change described in the work request, run its selftest," — no receipt
completion-evidence-gate.py	Stop	advisories:15eddbb266ab/reports-evidence	reopen	COMPLETION EVIDENCE GATE — unaccounted clause [repo]: "Make the scoped change described in the work request, run its selftest," — no receipt
completion-evidence-gate.py	Stop	advisories:18cbf8fa1991/claims-done	reopen	COMPLETION EVIDENCE GATE — unaccounted clause [repo]: "Make the scoped change described in the work request, run its selftest," — no receipt
completion-evidence-gate.py	Stop	advisories:1f526bf12615/claims-done	reopen	COMPLETION EVIDENCE GATE — unaccounted clause [repo]: "Make the scoped change described in the work request, run its selftest," — no receipt
completion-evidence-gate.py	Stop	advisories:2668b0e59663/reports-evidence	reopen	COMPLETION EVIDENCE GATE — unaccounted clause [repo]: "Make the scoped change described in the work request, run its selftest," — no receipt
completion-evidence-gate.py	Stop	advisories:2db5b2a34d05/claims-done	reopen	COMPLETION EVIDENCE GATE — unaccounted clause [repo]: "Make the scoped change described in the work request, run its selftest," — no receipt
completion-evidence-gate.py	Stop	advisories:305e6bc66e9d/claims-done	reopen	COMPLETION EVIDENCE GATE — unaccounted clause [repo]: "Make the scoped change described in the work request, run its selftest," — no receipt
completion-evidence-gate.py	Stop	advisories:32f6412768c3/reports-evidence	reopen	COMPLETION EVIDENCE GATE — unaccounted clause [repo]: "Make the scoped change described in the work request, run its selftest," — no receipt
completion-evidence-gate.py	Stop	advisories:330ce8d71385/claims-done	reopen	COMPLETION EVIDENCE GATE — unaccounted clause [repo]: "Make the scoped change described in the work request, run its selftest," — no receipt
completion-evidence-gate.py	Stop	advisories:37e4fc352099/claims-done	reopen	COMPLETION EVIDENCE GATE — unaccounted clause [repo]: "Make the scoped change described in the work request, run its selftest," — no receipt
completion-evidence-gate.py	Stop	advisories:384e0e166e77/reports-evidence	reopen	COMPLETION EVIDENCE GATE — unaccounted clause [repo]: "Make the scoped change described in the work request, run its selftest," — no receipt
completion-evidence-gate.py	Stop	advisories:385e89e8bbc3/reports-evidence	reopen	COMPLETION EVIDENCE GATE — unaccounted clause [repo]: "Make the scoped change described in the work request, run its selftest," — no receipt
completion-evidence-gate.py	Stop	advisories:3f2424e26ae7/reports-evidence	reopen	COMPLETION EVIDENCE GATE — unaccounted clause [repo]: "Make the scoped change described in the work request, run its selftest," — no receipt
completion-evidence-gate.py	Stop	advisories:44ddad936537/reports-evidence	reopen	COMPLETION EVIDENCE GATE — unaccounted clause [repo]: "Make the scoped change described in the work request, run its selftest," — no receipt
completion-evidence-gate.py	Stop	advisories:450a809b75ef/reports-evidence	reopen	COMPLETION EVIDENCE GATE — unaccounted clause [repo]: "Make the scoped change described in the work request, run its selftest," — no receipt
completion-evidence-gate.py	Stop	advisories:6252526ed7ad/claims-done	reopen	COMPLETION EVIDENCE GATE — unaccounted clause [repo]: "Make the scoped change described in the work request, run its selftest," — no receipt
completion-evidence-gate.py	Stop	advisories:62cb86d9f335/claims-done	reopen	COMPLETION EVIDENCE GATE — unaccounted clause [repo]: "Make the scoped change described in the work request, run its selftest," — no receipt
completion-evidence-gate.py	Stop	advisories:6c49f1bc4da1/claims-done	reopen	COMPLETION EVIDENCE GATE — unaccounted clause [repo]: "Make the scoped change described in the work request, run its selftest," — no receipt
completion-evidence-gate.py	Stop	advisories:6f61bce71693/reports-evidence	reopen	COMPLETION EVIDENCE GATE — unaccounted clause [repo]: "Make the scoped change described in the work request, run its selftest," — no receipt
completion-evidence-gate.py	Stop	advisories:75dbf53df7d7/reports-evidence	reopen	COMPLETION EVIDENCE GATE — unaccounted clause [repo]: "Make the scoped change described in the work request, run its selftest," — no receipt
completion-evidence-gate.py	Stop	advisories:7a998cdf893d/claims-done	reopen	COMPLETION EVIDENCE GATE — unaccounted clause [repo]: "Make the scoped change described in the work request, run its selftest," — no receipt
completion-evidence-gate.py	Stop	advisories:9041b395ce99/claims-done	reopen	COMPLETION EVIDENCE GATE — unaccounted clause [repo]: "Make the scoped change described in the work request, run its selftest," — no receipt
completion-evidence-gate.py	Stop	advisories:91a6d1a612eb/reports-evidence	reopen	COMPLETION EVIDENCE GATE — unaccounted clause [repo]: "Make the scoped change described in the work request, run its selftest," — no receipt
completion-evidence-gate.py	Stop	advisories:94a5d5c0235b/reports-evidence	reopen	COMPLETION EVIDENCE GATE — unaccounted clause [repo]: "Make the scoped change described in the work request, run its selftest," — no receipt
completion-evidence-gate.py	Stop	advisories:98869106008f/reports-evidence	reopen	COMPLETION EVIDENCE GATE — unaccounted clause [repo]: "Make the scoped change described in the work request, run its selftest," — no receipt
completion-evidence-gate.py	Stop	advisories:ab119b74cec7/reports-evidence	reopen	COMPLETION EVIDENCE GATE — unaccounted clause [repo]: "Make the scoped change described in the work request, run its selftest," — no receipt
completion-evidence-gate.py	Stop	advisories:ab93044a82d9/claims-done	reopen	COMPLETION EVIDENCE GATE — unaccounted clause [repo]: "Make the scoped change described in the work request, run its selftest," — no receipt
completion-evidence-gate.py	Stop	advisories:aea07fc2bb4f/reports-evidence	reopen	COMPLETION EVIDENCE GATE — unaccounted clause [repo]: "Make the scoped change described in the work request, run its selftest," — no receipt
completion-evidence-gate.py	Stop	advisories:b20628fa6f81/claims-done	reopen	COMPLETION EVIDENCE GATE — unaccounted clause [repo]: "Make the scoped change described in the work request, run its selftest," — no receipt
completion-evidence-gate.py	Stop	advisories:b3f78091d839/claims-done	reopen	COMPLETION EVIDENCE GATE — unaccounted clause [repo]: "Make the scoped change described in the work request, run its selftest," — no receipt
completion-evidence-gate.py	Stop	advisories:bf85b55a384d/claims-done	reopen	COMPLETION EVIDENCE GATE — unaccounted clause [repo]: "Make the scoped change described in the work request, run its selftest," — no receipt
completion-evidence-gate.py	Stop	advisories:c1d1b5dc18d5/claims-done	reopen	COMPLETION EVIDENCE GATE — unaccounted clause [repo]: "Make the scoped change described in the work request, run its selftest," — no receipt
completion-evidence-gate.py	Stop	advisories:c238afd6be73/reports-evidence	reopen	COMPLETION EVIDENCE GATE — unaccounted clause [repo]: "Make the scoped change described in the work request, run its selftest," — no receipt
completion-evidence-gate.py	Stop	advisories:c53aa60b5c3d/claims-done	reopen	COMPLETION EVIDENCE GATE — unaccounted clause [repo]: "Make the scoped change described in the work request, run its selftest," — no receipt
completion-evidence-gate.py	Stop	advisories:c8ee324eb8ef/reports-evidence	reopen	COMPLETION EVIDENCE GATE — unaccounted clause [repo]: "Make the scoped change described in the work request, run its selftest," — no receipt
completion-evidence-gate.py	Stop	advisories:cc8e35a9c2c1/claims-done	reopen	COMPLETION EVIDENCE GATE — unaccounted clause [repo]: "Make the scoped change described in the work request, run its selftest," — no receipt
completion-evidence-gate.py	Stop	advisories:d2d70bafa6c9/claims-done	reopen	COMPLETION EVIDENCE GATE — unaccounted clause [repo]: "Make the scoped change described in the work request, run its selftest," — no receipt
completion-evidence-gate.py	Stop	advisories:d7d1d8d033cf/reports-evidence	reopen	COMPLETION EVIDENCE GATE — unaccounted clause [repo]: "Make the scoped change described in the work request, run its selftest," — no receipt
completion-evidence-gate.py	Stop	advisories:da580b4a1adf/reports-evidence	reopen	COMPLETION EVIDENCE GATE — unaccounted clause [repo]: "Make the scoped change described in the work request, run its selftest," — no receipt
completion-evidence-gate.py	Stop	advisories:e1f51dde3b65/claims-done	reopen	COMPLETION EVIDENCE GATE — unaccounted clause [repo]: "Make the scoped change described in the work request, run its selftest," — no receipt
completion-evidence-gate.py	Stop	advisories:f510bb7f7997/reports-evidence	reopen	COMPLETION EVIDENCE GATE — unaccounted clause [repo]: "Make the scoped change described in the work request, run its selftest," — no receipt
completion-evidence-gate.py	Stop	advisories:f9556cac264d/claims-done	reopen	COMPLETION EVIDENCE GATE — unaccounted clause [repo]: "Make the scoped change described in the work request, run its selftest," — no receipt
completion-evidence-gate.py	Stop	advisories:fb34ec1f1d75/claims-done	reopen	COMPLETION EVIDENCE GATE — unaccounted clause [repo]: "Make the scoped change described in the work request, run its selftest," — no receipt
completion-evidence-gate.py	Stop	advisories:fc80d2b5ad77/reports-evidence	reopen	COMPLETION EVIDENCE GATE — unaccounted clause [repo]: "Make the scoped change described in the work request, run its selftest," — no receipt
conduct-stop-gate.py	Stop	(all)	counts	allow=87
context-handoff-gate.py	PostToolUse	(all)	counts	announce=445
context-handoff-gate.py	PostToolUse	bash:004b318591f1	announce	Context lifecycle signal is CONTEXT_SIGNAL_UNAVAILABLE; fallback activity counters are active.
context-handoff-gate.py	PostToolUse	bash:00b256fc19a5	announce	Context lifecycle signal is CONTEXT_SIGNAL_UNAVAILABLE; fallback activity counters are active.
context-handoff-gate.py	PostToolUse	bash:02d4f09f883f	announce	Context lifecycle signal is CONTEXT_SIGNAL_UNAVAILABLE; fallback activity counters are active.
context-handoff-gate.py	PostToolUse	bash:03387a2a928c	announce	Context lifecycle signal is CONTEXT_SIGNAL_UNAVAILABLE; fallback activity counters are active.
context-handoff-gate.py	PostToolUse	bash:0374d842f4bc	announce	Context lifecycle signal is CONTEXT_SIGNAL_UNAVAILABLE; fallback activity counters are active.
context-handoff-gate.py	PostToolUse	bash:066294b97e3b	announce	Context lifecycle signal is CONTEXT_SIGNAL_UNAVAILABLE; fallback activity counters are active.
context-handoff-gate.py	PostToolUse	bash:0924a3a20486	announce	Context lifecycle signal is CONTEXT_SIGNAL_UNAVAILABLE; fallback activity counters are active.
context-handoff-gate.py	PostToolUse	bash:097b67e276f4	announce	Context lifecycle signal is CONTEXT_SIGNAL_UNAVAILABLE; fallback activity counters are active.
context-handoff-gate.py	PostToolUse	bash:097f6bbcd762	announce	Context lifecycle signal is CONTEXT_SIGNAL_UNAVAILABLE; fallback activity counters are active.
context-handoff-gate.py	PostToolUse	bash:0a66aa2fe103	announce	Context lifecycle signal is CONTEXT_SIGNAL_UNAVAILABLE; fallback activity counters are active.
context-handoff-gate.py	PostToolUse	bash:0b053897cc44	announce	Context lifecycle signal is CONTEXT_SIGNAL_UNAVAILABLE; fallback activity counters are active.
context-handoff-gate.py	PostToolUse	bash:0b1cdb58cbdd	announce	Context lifecycle signal is CONTEXT_SIGNAL_UNAVAILABLE; fallback activity counters are active.
context-handoff-gate.py	PostToolUse	bash:0f1e0786cba4	announce	Context lifecycle signal is CONTEXT_SIGNAL_UNAVAILABLE; fallback activity counters are active.
context-handoff-gate.py	PostToolUse	bash:0f1f1007e3a8	announce	Context lifecycle signal is CONTEXT_SIGNAL_UNAVAILABLE; fallback activity counters are active.
context-handoff-gate.py	PostToolUse	bash:0fc3c549fb13	announce	Context lifecycle signal is CONTEXT_SIGNAL_UNAVAILABLE; fallback activity counters are active.
context-handoff-gate.py	PostToolUse	bash:10d3be3550ab	announce	Context lifecycle signal is CONTEXT_SIGNAL_UNAVAILABLE; fallback activity counters are active.
context-handoff-gate.py	PostToolUse	bash:1383c7371df7	announce	Context lifecycle signal is CONTEXT_SIGNAL_UNAVAILABLE; fallback activity counters are active.
context-handoff-gate.py	PostToolUse	bash:13895411be1f	announce	Context lifecycle signal is CONTEXT_SIGNAL_UNAVAILABLE; fallback activity counters are active.
context-handoff-gate.py	PostToolUse	bash:1505174f4be8	announce	Context lifecycle signal is CONTEXT_SIGNAL_UNAVAILABLE; fallback activity counters are active.
context-handoff-gate.py	PostToolUse	bash:16815f04eb04	announce	Context lifecycle signal is CONTEXT_SIGNAL_UNAVAILABLE; fallback activity counters are active.
context-handoff-gate.py	PostToolUse	bash:1858e740f690	announce	Context lifecycle signal is CONTEXT_SIGNAL_UNAVAILABLE; fallback activity counters are active.
context-handoff-gate.py	PostToolUse	bash:188441926ede	announce	Context lifecycle signal is CONTEXT_SIGNAL_UNAVAILABLE; fallback activity counters are active.
context-handoff-gate.py	PostToolUse	bash:18c11a924e39	announce	Context lifecycle signal is CONTEXT_SIGNAL_UNAVAILABLE; fallback activity counters are active.
context-handoff-gate.py	PostToolUse	bash:18d195d1ecf6	announce	Context lifecycle signal is CONTEXT_SIGNAL_UNAVAILABLE; fallback activity counters are active.
context-handoff-gate.py	PostToolUse	bash:1a16890bb0d4	announce	Context lifecycle signal is CONTEXT_SIGNAL_UNAVAILABLE; fallback activity counters are active.
context-handoff-gate.py	PostToolUse	bash:1ab9b5a8e632	announce	Context lifecycle signal is CONTEXT_SIGNAL_UNAVAILABLE; fallback activity counters are active.
context-handoff-gate.py	PostToolUse	bash:1ac5b8dd82ee	announce	Context lifecycle signal is CONTEXT_SIGNAL_UNAVAILABLE; fallback activity counters are active.
context-handoff-gate.py	PostToolUse	bash:1ae2471e90c4	announce	Context lifecycle signal is CONTEXT_SIGNAL_UNAVAILABLE; fallback activity counters are active.
context-handoff-gate.py	PostToolUse	bash:1b15fe16247c	announce	Context lifecycle signal is CONTEXT_SIGNAL_UNAVAILABLE; fallback activity counters are active.
context-handoff-gate.py	PostToolUse	bash:1b4a1a4c7863	announce	Context lifecycle signal is CONTEXT_SIGNAL_UNAVAILABLE; fallback activity counters are active.
context-handoff-gate.py	PostToolUse	bash:1ed265dc01d3	announce	Context lifecycle signal is CONTEXT_SIGNAL_UNAVAILABLE; fallback activity counters are active.
context-handoff-gate.py	PostToolUse	bash:207b8313007a	announce	Context lifecycle signal is CONTEXT_SIGNAL_UNAVAILABLE; fallback activity counters are active.
context-handoff-gate.py	PostToolUse	bash:20ded25d783b	announce	Context lifecycle signal is CONTEXT_SIGNAL_UNAVAILABLE; fallback activity counters are active.
context-handoff-gate.py	PostToolUse	bash:21399f331680	announce	Context lifecycle signal is CONTEXT_SIGNAL_UNAVAILABLE; fallback activity counters are active.
context-handoff-gate.py	PostToolUse	bash:230bd999bc9a	announce	Context lifecycle signal is CONTEXT_SIGNAL_UNAVAILABLE; fallback activity counters are active.
context-handoff-gate.py	PostToolUse	bash:23587b63559b	announce	Context lifecycle signal is CONTEXT_SIGNAL_UNAVAILABLE; fallback activity counters are active.
context-handoff-gate.py	PostToolUse	bash:23b9a158b1b6	announce	Context lifecycle signal is CONTEXT_SIGNAL_UNAVAILABLE; fallback activity counters are active.
context-handoff-gate.py	PostToolUse	bash:23c9294dcba3	announce	Context lifecycle signal is CONTEXT_SIGNAL_UNAVAILABLE; fallback activity counters are active.
context-handoff-gate.py	PostToolUse	bash:23f4766e5dc8	announce	Context lifecycle signal is CONTEXT_SIGNAL_UNAVAILABLE; fallback activity counters are active.
context-handoff-gate.py	PostToolUse	bash:23ffa07c57e0	announce	Context lifecycle signal is CONTEXT_SIGNAL_UNAVAILABLE; fallback activity counters are active.
context-handoff-gate.py	PostToolUse	bash:244a4db26293	announce	Context lifecycle signal is CONTEXT_SIGNAL_UNAVAILABLE; fallback activity counters are active.
context-handoff-gate.py	PostToolUse	bash:24593c4fab85	announce	Context lifecycle signal is CONTEXT_SIGNAL_UNAVAILABLE; fallback activity counters are active.
context-handoff-gate.py	PostToolUse	bash:257cd07fce05	announce	Context lifecycle signal is CONTEXT_SIGNAL_UNAVAILABLE; fallback activity counters are active.
context-handoff-gate.py	PostToolUse	bash:26acf12ee3d7	announce	Context lifecycle signal is CONTEXT_SIGNAL_UNAVAILABLE; fallback activity counters are active.
context-handoff-gate.py	PostToolUse	bash:27b442eae95d	announce	Context lifecycle signal is CONTEXT_SIGNAL_UNAVAILABLE; fallback activity counters are active.
context-handoff-gate.py	PostToolUse	bash:27c13bd1029e	announce	Context lifecycle signal is CONTEXT_SIGNAL_UNAVAILABLE; fallback activity counters are active.
context-handoff-gate.py	PostToolUse	bash:27d43d251aa0	announce	Context lifecycle signal is CONTEXT_SIGNAL_UNAVAILABLE; fallback activity counters are active.
context-handoff-gate.py	PostToolUse	bash:27dc678d192d	announce	Context lifecycle signal is CONTEXT_SIGNAL_UNAVAILABLE; fallback activity counters are active.
context-handoff-gate.py	PostToolUse	bash:289209a1b811	announce	Context lifecycle signal is CONTEXT_SIGNAL_UNAVAILABLE; fallback activity counters are active.
context-handoff-gate.py	PostToolUse	bash:290a63c49e1d	announce	Context lifecycle signal is CONTEXT_SIGNAL_UNAVAILABLE; fallback activity counters are active.
context-handoff-gate.py	PostToolUse	bash:296eac0cbf46	announce	Context lifecycle signal is CONTEXT_SIGNAL_UNAVAILABLE; fallback activity counters are active.
context-handoff-gate.py	PostToolUse	bash:2b6003a031c6	announce	Context lifecycle signal is CONTEXT_SIGNAL_UNAVAILABLE; fallback activity counters are active.
context-handoff-gate.py	PostToolUse	bash:2ce43e34d070	announce	Context lifecycle signal is CONTEXT_SIGNAL_UNAVAILABLE; fallback activity counters are active.
context-handoff-gate.py	PostToolUse	bash:2e3179b1beac	announce	Context lifecycle signal is CONTEXT_SIGNAL_UNAVAILABLE; fallback activity counters are active.
context-handoff-gate.py	PostToolUse	bash:2f462396797b	announce	Context lifecycle signal is CONTEXT_SIGNAL_UNAVAILABLE; fallback activity counters are active.
context-handoff-gate.py	PostToolUse	bash:2f83845bddfc	announce	Context lifecycle signal is CONTEXT_SIGNAL_UNAVAILABLE; fallback activity counters are active.
context-handoff-gate.py	PostToolUse	bash:2fa91027c12b	announce	Context lifecycle signal is CONTEXT_SIGNAL_UNAVAILABLE; fallback activity counters are active.
context-handoff-gate.py	PostToolUse	bash:2fd61ea1d823	announce	Context lifecycle signal is CONTEXT_SIGNAL_UNAVAILABLE; fallback activity counters are active.
context-handoff-gate.py	PostToolUse	bash:2ff02e811106	announce	Context lifecycle signal is CONTEXT_SIGNAL_UNAVAILABLE; fallback activity counters are active.
context-handoff-gate.py	PostToolUse	bash:32129ef6a947	announce	Context lifecycle signal is CONTEXT_SIGNAL_UNAVAILABLE; fallback activity counters are active.
context-handoff-gate.py	PostToolUse	bash:321e8a37a343	announce	Context lifecycle signal is CONTEXT_SIGNAL_UNAVAILABLE; fallback activity counters are active.
context-handoff-gate.py	PostToolUse	bash:327c8ac7793f	announce	Context lifecycle signal is CONTEXT_SIGNAL_UNAVAILABLE; fallback activity counters are active.
context-handoff-gate.py	PostToolUse	bash:33015ce0899d	announce	Context lifecycle signal is CONTEXT_SIGNAL_UNAVAILABLE; fallback activity counters are active.
context-handoff-gate.py	PostToolUse	bash:3342ce883d29	announce	Context lifecycle signal is CONTEXT_SIGNAL_UNAVAILABLE; fallback activity counters are active.
context-handoff-gate.py	PostToolUse	bash:33b222c10a35	announce	Context lifecycle signal is CONTEXT_SIGNAL_UNAVAILABLE; fallback activity counters are active.
context-handoff-gate.py	PostToolUse	bash:35341089c569	announce	Context lifecycle signal is CONTEXT_SIGNAL_UNAVAILABLE; fallback activity counters are active.
context-handoff-gate.py	PostToolUse	bash:357e6d1d27c8	announce	Context lifecycle signal is CONTEXT_SIGNAL_UNAVAILABLE; fallback activity counters are active.
context-handoff-gate.py	PostToolUse	bash:3746d4554452	announce	Context lifecycle signal is CONTEXT_SIGNAL_UNAVAILABLE; fallback activity counters are active.
context-handoff-gate.py	PostToolUse	bash:377d133c0983	announce	Context lifecycle signal is CONTEXT_SIGNAL_UNAVAILABLE; fallback activity counters are active.
context-handoff-gate.py	PostToolUse	bash:3816ba4bb640	announce	Context lifecycle signal is CONTEXT_SIGNAL_UNAVAILABLE; fallback activity counters are active.
context-handoff-gate.py	PostToolUse	bash:389fce8e7158	announce	Context lifecycle signal is CONTEXT_SIGNAL_UNAVAILABLE; fallback activity counters are active.
context-handoff-gate.py	PostToolUse	bash:39d271ec8a75	announce	Context lifecycle signal is CONTEXT_SIGNAL_UNAVAILABLE; fallback activity counters are active.
context-handoff-gate.py	PostToolUse	bash:3b2b7a700200	announce	Context lifecycle signal is CONTEXT_SIGNAL_UNAVAILABLE; fallback activity counters are active.
context-handoff-gate.py	PostToolUse	bash:3b416ce3c5ef	announce	Context lifecycle signal is CONTEXT_SIGNAL_UNAVAILABLE; fallback activity counters are active.
context-handoff-gate.py	PostToolUse	bash:3b849ca7d7d3	announce	Context lifecycle signal is CONTEXT_SIGNAL_UNAVAILABLE; fallback activity counters are active.
context-handoff-gate.py	PostToolUse	bash:3c66f6aff09a	announce	Context lifecycle signal is CONTEXT_SIGNAL_UNAVAILABLE; fallback activity counters are active.
context-handoff-gate.py	PostToolUse	bash:3caa8ea3b1f1	announce	Context lifecycle signal is CONTEXT_SIGNAL_UNAVAILABLE; fallback activity counters are active.
context-handoff-gate.py	PostToolUse	bash:3cd8d7bf045e	announce	Context lifecycle signal is CONTEXT_SIGNAL_UNAVAILABLE; fallback activity counters are active.
context-handoff-gate.py	PostToolUse	bash:3d138cb2ce45	announce	Context lifecycle signal is CONTEXT_SIGNAL_UNAVAILABLE; fallback activity counters are active.
context-handoff-gate.py	PostToolUse	bash:3d27655dae45	announce	Context lifecycle signal is CONTEXT_SIGNAL_UNAVAILABLE; fallback activity counters are active.
context-handoff-gate.py	PostToolUse	bash:3d8d950e7a0d	announce	Context lifecycle signal is CONTEXT_SIGNAL_UNAVAILABLE; fallback activity counters are active.
context-handoff-gate.py	PostToolUse	bash:3df9eca02e1b	announce	Context lifecycle signal is CONTEXT_SIGNAL_UNAVAILABLE; fallback activity counters are active.
context-handoff-gate.py	PostToolUse	bash:3e07b0c72fec	announce	Context lifecycle signal is CONTEXT_SIGNAL_UNAVAILABLE; fallback activity counters are active.
context-handoff-gate.py	PostToolUse	bash:3f346d3e8f57	announce	Context lifecycle signal is CONTEXT_SIGNAL_UNAVAILABLE; fallback activity counters are active.
context-handoff-gate.py	PostToolUse	bash:3ff89fc930d6	announce	Context lifecycle signal is CONTEXT_SIGNAL_UNAVAILABLE; fallback activity counters are active.
context-handoff-gate.py	PostToolUse	bash:411cf6926882	announce	Context lifecycle signal is CONTEXT_SIGNAL_UNAVAILABLE; fallback activity counters are active.
context-handoff-gate.py	PostToolUse	bash:413f59a62d96	announce	Context lifecycle signal is CONTEXT_SIGNAL_UNAVAILABLE; fallback activity counters are active.
context-handoff-gate.py	PostToolUse	bash:41420779739a	announce	Context lifecycle signal is CONTEXT_SIGNAL_UNAVAILABLE; fallback activity counters are active.
context-handoff-gate.py	PostToolUse	bash:41c6e1db30cf	announce	Context lifecycle signal is CONTEXT_SIGNAL_UNAVAILABLE; fallback activity counters are active.
context-handoff-gate.py	PostToolUse	bash:426e6beec4c4	announce	Context lifecycle signal is CONTEXT_SIGNAL_UNAVAILABLE; fallback activity counters are active.
context-handoff-gate.py	PostToolUse	bash:43187da73851	announce	Context lifecycle signal is CONTEXT_SIGNAL_UNAVAILABLE; fallback activity counters are active.
context-handoff-gate.py	PostToolUse	bash:432fb62e1242	announce	Context lifecycle signal is CONTEXT_SIGNAL_UNAVAILABLE; fallback activity counters are active.
context-handoff-gate.py	PostToolUse	bash:44859b02848f	announce	Context lifecycle signal is CONTEXT_SIGNAL_UNAVAILABLE; fallback activity counters are active.
context-handoff-gate.py	PostToolUse	bash:44f79fe67590	announce	Context lifecycle signal is CONTEXT_SIGNAL_UNAVAILABLE; fallback activity counters are active.
context-handoff-gate.py	PostToolUse	bash:4552f184b8e3	announce	Context lifecycle signal is CONTEXT_SIGNAL_UNAVAILABLE; fallback activity counters are active.
context-handoff-gate.py	PostToolUse	bash:470503bdfcd4	announce	Context lifecycle signal is CONTEXT_SIGNAL_UNAVAILABLE; fallback activity counters are active.
context-handoff-gate.py	PostToolUse	bash:470524c7eec8	announce	Context lifecycle signal is CONTEXT_SIGNAL_UNAVAILABLE; fallback activity counters are active.
context-handoff-gate.py	PostToolUse	bash:47e74aa0064d	announce	Context lifecycle signal is CONTEXT_SIGNAL_UNAVAILABLE; fallback activity counters are active.
context-handoff-gate.py	PostToolUse	bash:4824446e0ab4	announce	Context lifecycle signal is CONTEXT_SIGNAL_UNAVAILABLE; fallback activity counters are active.
context-handoff-gate.py	PostToolUse	bash:4837269ba40c	announce	Context lifecycle signal is CONTEXT_SIGNAL_UNAVAILABLE; fallback activity counters are active.
context-handoff-gate.py	PostToolUse	bash:4900d5dc657a	announce	Context lifecycle signal is CONTEXT_SIGNAL_UNAVAILABLE; fallback activity counters are active.
context-handoff-gate.py	PostToolUse	bash:4945346f6fa6	announce	Context lifecycle signal is CONTEXT_SIGNAL_UNAVAILABLE; fallback activity counters are active.
context-handoff-gate.py	PostToolUse	bash:49bbd94c5b08	announce	Context lifecycle signal is CONTEXT_SIGNAL_UNAVAILABLE; fallback activity counters are active.
context-handoff-gate.py	PostToolUse	bash:4a1166529fe0	announce	Context lifecycle signal is CONTEXT_SIGNAL_UNAVAILABLE; fallback activity counters are active.
context-handoff-gate.py	PostToolUse	bash:4a2fe78a3081	announce	Context lifecycle signal is CONTEXT_SIGNAL_UNAVAILABLE; fallback activity counters are active.
context-handoff-gate.py	PostToolUse	bash:4a6920ea92ba	announce	Context lifecycle signal is CONTEXT_SIGNAL_UNAVAILABLE; fallback activity counters are active.
context-handoff-gate.py	PostToolUse	bash:4b12aee18bcc	announce	Context lifecycle signal is CONTEXT_SIGNAL_UNAVAILABLE; fallback activity counters are active.
context-handoff-gate.py	PostToolUse	bash:4c08e8152e30	announce	Context lifecycle signal is CONTEXT_SIGNAL_UNAVAILABLE; fallback activity counters are active.
context-handoff-gate.py	PostToolUse	bash:4c75adf4f357	announce	Context lifecycle signal is CONTEXT_SIGNAL_UNAVAILABLE; fallback activity counters are active.
context-handoff-gate.py	PostToolUse	bash:4d7e766f3dd1	announce	Context lifecycle signal is CONTEXT_SIGNAL_UNAVAILABLE; fallback activity counters are active.
context-handoff-gate.py	PostToolUse	bash:4dc1f662384c	announce	Context lifecycle signal is CONTEXT_SIGNAL_UNAVAILABLE; fallback activity counters are active.
context-handoff-gate.py	PostToolUse	bash:4f7670738bde	announce	Context lifecycle signal is CONTEXT_SIGNAL_UNAVAILABLE; fallback activity counters are active.
context-handoff-gate.py	PostToolUse	bash:4f9c19c08e01	announce	Context lifecycle signal is CONTEXT_SIGNAL_UNAVAILABLE; fallback activity counters are active.
context-handoff-gate.py	PostToolUse	bash:4fd82878bd5c	announce	Context lifecycle signal is CONTEXT_SIGNAL_UNAVAILABLE; fallback activity counters are active.
context-handoff-gate.py	PostToolUse	bash:5023a4b382fd	announce	Context lifecycle signal is CONTEXT_SIGNAL_UNAVAILABLE; fallback activity counters are active.
context-handoff-gate.py	PostToolUse	bash:51b2509bee6f	announce	Context lifecycle signal is CONTEXT_SIGNAL_UNAVAILABLE; fallback activity counters are active.
context-handoff-gate.py	PostToolUse	bash:52f13466c7be	announce	Context lifecycle signal is CONTEXT_SIGNAL_UNAVAILABLE; fallback activity counters are active.
context-handoff-gate.py	PostToolUse	bash:532dbbcbbb21	announce	Context lifecycle signal is CONTEXT_SIGNAL_UNAVAILABLE; fallback activity counters are active.
context-handoff-gate.py	PostToolUse	bash:5469a4f96094	announce	Context lifecycle signal is CONTEXT_SIGNAL_UNAVAILABLE; fallback activity counters are active.
context-handoff-gate.py	PostToolUse	bash:5545043e3b99	announce	Context lifecycle signal is CONTEXT_SIGNAL_UNAVAILABLE; fallback activity counters are active.
context-handoff-gate.py	PostToolUse	bash:55937ae9e982	announce	Context lifecycle signal is CONTEXT_SIGNAL_UNAVAILABLE; fallback activity counters are active.
context-handoff-gate.py	PostToolUse	bash:55a01e671452	announce	Context lifecycle signal is CONTEXT_SIGNAL_UNAVAILABLE; fallback activity counters are active.
context-handoff-gate.py	PostToolUse	bash:56bed63903a1	announce	Context lifecycle signal is CONTEXT_SIGNAL_UNAVAILABLE; fallback activity counters are active.
context-handoff-gate.py	PostToolUse	bash:56c2dd6f1216	announce	Context lifecycle signal is CONTEXT_SIGNAL_UNAVAILABLE; fallback activity counters are active.
context-handoff-gate.py	PostToolUse	bash:56d717124c34	announce	Context lifecycle signal is CONTEXT_SIGNAL_UNAVAILABLE; fallback activity counters are active.
context-handoff-gate.py	PostToolUse	bash:57b691238888	announce	Context lifecycle signal is CONTEXT_SIGNAL_UNAVAILABLE; fallback activity counters are active.
context-handoff-gate.py	PostToolUse	bash:57f71567f3c5	announce	Context lifecycle signal is CONTEXT_SIGNAL_UNAVAILABLE; fallback activity counters are active.
context-handoff-gate.py	PostToolUse	bash:5d10abccb511	announce	Context lifecycle signal is CONTEXT_SIGNAL_UNAVAILABLE; fallback activity counters are active.
context-handoff-gate.py	PostToolUse	bash:5d3814daf631	announce	Context lifecycle signal is CONTEXT_SIGNAL_UNAVAILABLE; fallback activity counters are active.
context-handoff-gate.py	PostToolUse	bash:5f389bd08c27	announce	Context lifecycle signal is CONTEXT_SIGNAL_UNAVAILABLE; fallback activity counters are active.
context-handoff-gate.py	PostToolUse	bash:6024ba4aacce	announce	Context lifecycle signal is CONTEXT_SIGNAL_UNAVAILABLE; fallback activity counters are active.
context-handoff-gate.py	PostToolUse	bash:606bf1fdb0f4	announce	Context lifecycle signal is CONTEXT_SIGNAL_UNAVAILABLE; fallback activity counters are active.
context-handoff-gate.py	PostToolUse	bash:617a4a54f1d3	announce	Context lifecycle signal is CONTEXT_SIGNAL_UNAVAILABLE; fallback activity counters are active.
context-handoff-gate.py	PostToolUse	bash:620fc166f376	announce	Context lifecycle signal is CONTEXT_SIGNAL_UNAVAILABLE; fallback activity counters are active.
context-handoff-gate.py	PostToolUse	bash:646f3c77dcc4	announce	Context lifecycle signal is CONTEXT_SIGNAL_UNAVAILABLE; fallback activity counters are active.
context-handoff-gate.py	PostToolUse	bash:64abd7c32f8c	announce	Context lifecycle signal is CONTEXT_SIGNAL_UNAVAILABLE; fallback activity counters are active.
context-handoff-gate.py	PostToolUse	bash:6522d106ba20	announce	Context lifecycle signal is CONTEXT_SIGNAL_UNAVAILABLE; fallback activity counters are active.
context-handoff-gate.py	PostToolUse	bash:65ff7a7d05c7	announce	Context lifecycle signal is CONTEXT_SIGNAL_UNAVAILABLE; fallback activity counters are active.
context-handoff-gate.py	PostToolUse	bash:66d774f88124	announce	Context lifecycle signal is CONTEXT_SIGNAL_UNAVAILABLE; fallback activity counters are active.
context-handoff-gate.py	PostToolUse	bash:675f514c1657	announce	Context lifecycle signal is CONTEXT_SIGNAL_UNAVAILABLE; fallback activity counters are active.
context-handoff-gate.py	PostToolUse	bash:679dbe16e008	announce	Context lifecycle signal is CONTEXT_SIGNAL_UNAVAILABLE; fallback activity counters are active.
context-handoff-gate.py	PostToolUse	bash:68396e91f579	announce	Context lifecycle signal is CONTEXT_SIGNAL_UNAVAILABLE; fallback activity counters are active.
context-handoff-gate.py	PostToolUse	bash:6a827cc1ff91	announce	Context lifecycle signal is CONTEXT_SIGNAL_UNAVAILABLE; fallback activity counters are active.
context-handoff-gate.py	PostToolUse	bash:6c6e43e39dc5	announce	Context lifecycle signal is CONTEXT_SIGNAL_UNAVAILABLE; fallback activity counters are active.
context-handoff-gate.py	PostToolUse	bash:6c98982a729a	announce	Context lifecycle signal is CONTEXT_SIGNAL_UNAVAILABLE; fallback activity counters are active.
context-handoff-gate.py	PostToolUse	bash:6d6f0dd69337	announce	Context lifecycle signal is CONTEXT_SIGNAL_UNAVAILABLE; fallback activity counters are active.
context-handoff-gate.py	PostToolUse	bash:6dfb251d684c	announce	Context lifecycle signal is CONTEXT_SIGNAL_UNAVAILABLE; fallback activity counters are active.
context-handoff-gate.py	PostToolUse	bash:6e7876858348	announce	Context lifecycle signal is CONTEXT_SIGNAL_UNAVAILABLE; fallback activity counters are active.
context-handoff-gate.py	PostToolUse	bash:6e83854c1609	announce	Context lifecycle signal is CONTEXT_SIGNAL_UNAVAILABLE; fallback activity counters are active.
context-handoff-gate.py	PostToolUse	bash:707782be2dfc	announce	Context lifecycle signal is CONTEXT_SIGNAL_UNAVAILABLE; fallback activity counters are active.
context-handoff-gate.py	PostToolUse	bash:7092390a0d3a	announce	Context lifecycle signal is CONTEXT_SIGNAL_UNAVAILABLE; fallback activity counters are active.
context-handoff-gate.py	PostToolUse	bash:70a2b58af409	announce	Context lifecycle signal is CONTEXT_SIGNAL_UNAVAILABLE; fallback activity counters are active.
context-handoff-gate.py	PostToolUse	bash:71ff288f8411	announce	Context lifecycle signal is CONTEXT_SIGNAL_UNAVAILABLE; fallback activity counters are active.
context-handoff-gate.py	PostToolUse	bash:732501501bd2	announce	Context lifecycle signal is CONTEXT_SIGNAL_UNAVAILABLE; fallback activity counters are active.
context-handoff-gate.py	PostToolUse	bash:73f28448622c	announce	Context lifecycle signal is CONTEXT_SIGNAL_UNAVAILABLE; fallback activity counters are active.
context-handoff-gate.py	PostToolUse	bash:756014d7888a	announce	Context lifecycle signal is CONTEXT_SIGNAL_UNAVAILABLE; fallback activity counters are active.
context-handoff-gate.py	PostToolUse	bash:75e050d2fc1d	announce	Context lifecycle signal is CONTEXT_SIGNAL_UNAVAILABLE; fallback activity counters are active.
context-handoff-gate.py	PostToolUse	bash:76aa2716c09d	announce	Context lifecycle signal is CONTEXT_SIGNAL_UNAVAILABLE; fallback activity counters are active.
context-handoff-gate.py	PostToolUse	bash:771609a16d03	announce	Context lifecycle signal is CONTEXT_SIGNAL_UNAVAILABLE; fallback activity counters are active.
context-handoff-gate.py	PostToolUse	bash:7719cd102bf3	announce	Context lifecycle signal is CONTEXT_SIGNAL_UNAVAILABLE; fallback activity counters are active.
context-handoff-gate.py	PostToolUse	bash:7807440982ee	announce	Context lifecycle signal is CONTEXT_SIGNAL_UNAVAILABLE; fallback activity counters are active.
context-handoff-gate.py	PostToolUse	bash:78376c89bb59	announce	Context lifecycle signal is CONTEXT_SIGNAL_UNAVAILABLE; fallback activity counters are active.
context-handoff-gate.py	PostToolUse	bash:78dde7864b2a	announce	Context lifecycle signal is CONTEXT_SIGNAL_UNAVAILABLE; fallback activity counters are active.
context-handoff-gate.py	PostToolUse	bash:791b87ac34b9	announce	Context lifecycle signal is CONTEXT_SIGNAL_UNAVAILABLE; fallback activity counters are active.
context-handoff-gate.py	PostToolUse	bash:7aff617ff7c3	announce	Context lifecycle signal is CONTEXT_SIGNAL_UNAVAILABLE; fallback activity counters are active.
context-handoff-gate.py	PostToolUse	bash:7bd32e5f522d	announce	Context lifecycle signal is CONTEXT_SIGNAL_UNAVAILABLE; fallback activity counters are active.
context-handoff-gate.py	PostToolUse	bash:7d746c2abc56	announce	Context lifecycle signal is CONTEXT_SIGNAL_UNAVAILABLE; fallback activity counters are active.
context-handoff-gate.py	PostToolUse	bash:7db03c7b2019	announce	Context lifecycle signal is CONTEXT_SIGNAL_UNAVAILABLE; fallback activity counters are active.
context-handoff-gate.py	PostToolUse	bash:7dda1860c2ff	announce	Context lifecycle signal is CONTEXT_SIGNAL_UNAVAILABLE; fallback activity counters are active.
context-handoff-gate.py	PostToolUse	bash:7ed14bfb5b26	announce	Context lifecycle signal is CONTEXT_SIGNAL_UNAVAILABLE; fallback activity counters are active.
context-handoff-gate.py	PostToolUse	bash:7f414b837750	announce	Context lifecycle signal is CONTEXT_SIGNAL_UNAVAILABLE; fallback activity counters are active.
context-handoff-gate.py	PostToolUse	bash:808b3836ecb8	announce	Context lifecycle signal is CONTEXT_SIGNAL_UNAVAILABLE; fallback activity counters are active.
context-handoff-gate.py	PostToolUse	bash:82b17638914e	announce	Context lifecycle signal is CONTEXT_SIGNAL_UNAVAILABLE; fallback activity counters are active.
context-handoff-gate.py	PostToolUse	bash:82d6f8e14633	announce	Context lifecycle signal is CONTEXT_SIGNAL_UNAVAILABLE; fallback activity counters are active.
context-handoff-gate.py	PostToolUse	bash:832f95a99385	announce	Context lifecycle signal is CONTEXT_SIGNAL_UNAVAILABLE; fallback activity counters are active.
context-handoff-gate.py	PostToolUse	bash:8583394b9ed5	announce	Context lifecycle signal is CONTEXT_SIGNAL_UNAVAILABLE; fallback activity counters are active.
context-handoff-gate.py	PostToolUse	bash:859dfb656b81	announce	Context lifecycle signal is CONTEXT_SIGNAL_UNAVAILABLE; fallback activity counters are active.
context-handoff-gate.py	PostToolUse	bash:86f47e4ba6e7	announce	Context lifecycle signal is CONTEXT_SIGNAL_UNAVAILABLE; fallback activity counters are active.
context-handoff-gate.py	PostToolUse	bash:87a883fa4efd	announce	Context lifecycle signal is CONTEXT_SIGNAL_UNAVAILABLE; fallback activity counters are active.
context-handoff-gate.py	PostToolUse	bash:882b52bb9351	announce	Context lifecycle signal is CONTEXT_SIGNAL_UNAVAILABLE; fallback activity counters are active.
context-handoff-gate.py	PostToolUse	bash:884b8936f77b	announce	Context lifecycle signal is CONTEXT_SIGNAL_UNAVAILABLE; fallback activity counters are active.
context-handoff-gate.py	PostToolUse	bash:88e8d6cb079f	announce	Context lifecycle signal is CONTEXT_SIGNAL_UNAVAILABLE; fallback activity counters are active.
context-handoff-gate.py	PostToolUse	bash:8a04b453a02d	announce	Context lifecycle signal is CONTEXT_SIGNAL_UNAVAILABLE; fallback activity counters are active.
context-handoff-gate.py	PostToolUse	bash:8be620c284be	announce	Context lifecycle signal is CONTEXT_SIGNAL_UNAVAILABLE; fallback activity counters are active.
context-handoff-gate.py	PostToolUse	bash:8cba187bcd4d	announce	Context lifecycle signal is CONTEXT_SIGNAL_UNAVAILABLE; fallback activity counters are active.
context-handoff-gate.py	PostToolUse	bash:8d86eeede407	announce	Context lifecycle signal is CONTEXT_SIGNAL_UNAVAILABLE; fallback activity counters are active.
context-handoff-gate.py	PostToolUse	bash:8e5c89709ece	announce	Context lifecycle signal is CONTEXT_SIGNAL_UNAVAILABLE; fallback activity counters are active.
context-handoff-gate.py	PostToolUse	bash:90329c726892	announce	Context lifecycle signal is CONTEXT_SIGNAL_UNAVAILABLE; fallback activity counters are active.
context-handoff-gate.py	PostToolUse	bash:9037ffd4a169	announce	Context lifecycle signal is CONTEXT_SIGNAL_UNAVAILABLE; fallback activity counters are active.
context-handoff-gate.py	PostToolUse	bash:92669f904aaa	announce	Context lifecycle signal is CONTEXT_SIGNAL_UNAVAILABLE; fallback activity counters are active.
context-handoff-gate.py	PostToolUse	bash:937491073ccf	announce	Context lifecycle signal is CONTEXT_SIGNAL_UNAVAILABLE; fallback activity counters are active.
context-handoff-gate.py	PostToolUse	bash:948cdb319a84	announce	Context lifecycle signal is CONTEXT_SIGNAL_UNAVAILABLE; fallback activity counters are active.
context-handoff-gate.py	PostToolUse	bash:94f99c422b13	announce	Context lifecycle signal is CONTEXT_SIGNAL_UNAVAILABLE; fallback activity counters are active.
context-handoff-gate.py	PostToolUse	bash:95f6e34a7d3d	announce	Context lifecycle signal is CONTEXT_SIGNAL_UNAVAILABLE; fallback activity counters are active.
context-handoff-gate.py	PostToolUse	bash:96c512836ebc	announce	Context lifecycle signal is CONTEXT_SIGNAL_UNAVAILABLE; fallback activity counters are active.
context-handoff-gate.py	PostToolUse	bash:98b9c097fe6a	announce	Context lifecycle signal is CONTEXT_SIGNAL_UNAVAILABLE; fallback activity counters are active.
context-handoff-gate.py	PostToolUse	bash:995d89a284a1	announce	Context lifecycle signal is CONTEXT_SIGNAL_UNAVAILABLE; fallback activity counters are active.
context-handoff-gate.py	PostToolUse	bash:9a0268897f30	announce	Context lifecycle signal is CONTEXT_SIGNAL_UNAVAILABLE; fallback activity counters are active.
context-handoff-gate.py	PostToolUse	bash:9a8185f40809	announce	Context lifecycle signal is CONTEXT_SIGNAL_UNAVAILABLE; fallback activity counters are active.
context-handoff-gate.py	PostToolUse	bash:9a8311789d79	announce	Context lifecycle signal is CONTEXT_SIGNAL_UNAVAILABLE; fallback activity counters are active.
context-handoff-gate.py	PostToolUse	bash:9b50ee533577	announce	Context lifecycle signal is CONTEXT_SIGNAL_UNAVAILABLE; fallback activity counters are active.
context-handoff-gate.py	PostToolUse	bash:9b9c789fe73d	announce	Context lifecycle signal is CONTEXT_SIGNAL_UNAVAILABLE; fallback activity counters are active.
context-handoff-gate.py	PostToolUse	bash:9de030768415	announce	Context lifecycle signal is CONTEXT_SIGNAL_UNAVAILABLE; fallback activity counters are active.
context-handoff-gate.py	PostToolUse	bash:9e247f99f183	announce	Context lifecycle signal is CONTEXT_SIGNAL_UNAVAILABLE; fallback activity counters are active.
context-handoff-gate.py	PostToolUse	bash:9fcfc2d5b12d	announce	Context lifecycle signal is CONTEXT_SIGNAL_UNAVAILABLE; fallback activity counters are active.
context-handoff-gate.py	PostToolUse	bash:a027007a8622	announce	Context lifecycle signal is CONTEXT_SIGNAL_UNAVAILABLE; fallback activity counters are active.
context-handoff-gate.py	PostToolUse	bash:a0ad99eaa689	announce	Context lifecycle signal is CONTEXT_SIGNAL_UNAVAILABLE; fallback activity counters are active.
context-handoff-gate.py	PostToolUse	bash:a12eed7cf3b0	announce	Context lifecycle signal is CONTEXT_SIGNAL_UNAVAILABLE; fallback activity counters are active.
context-handoff-gate.py	PostToolUse	bash:a208b4df326f	announce	Context lifecycle signal is CONTEXT_SIGNAL_UNAVAILABLE; fallback activity counters are active.
context-handoff-gate.py	PostToolUse	bash:a26c9b7bd1b5	announce	Context lifecycle signal is CONTEXT_SIGNAL_UNAVAILABLE; fallback activity counters are active.
context-handoff-gate.py	PostToolUse	bash:a27abcab29c1	announce	Context lifecycle signal is CONTEXT_SIGNAL_UNAVAILABLE; fallback activity counters are active.
context-handoff-gate.py	PostToolUse	bash:a293f201ebd3	announce	Context lifecycle signal is CONTEXT_SIGNAL_UNAVAILABLE; fallback activity counters are active.
context-handoff-gate.py	PostToolUse	bash:a37cd816a19f	announce	Context lifecycle signal is CONTEXT_SIGNAL_UNAVAILABLE; fallback activity counters are active.
context-handoff-gate.py	PostToolUse	bash:a3fec644c17b	announce	Context lifecycle signal is CONTEXT_SIGNAL_UNAVAILABLE; fallback activity counters are active.
context-handoff-gate.py	PostToolUse	bash:a5709adc05bd	announce	Context lifecycle signal is CONTEXT_SIGNAL_UNAVAILABLE; fallback activity counters are active.
context-handoff-gate.py	PostToolUse	bash:a5d639232247	announce	Context lifecycle signal is CONTEXT_SIGNAL_UNAVAILABLE; fallback activity counters are active.
context-handoff-gate.py	PostToolUse	bash:a6255ec6195d	announce	Context lifecycle signal is CONTEXT_SIGNAL_UNAVAILABLE; fallback activity counters are active.
context-handoff-gate.py	PostToolUse	bash:a68e9097bd21	announce	Context lifecycle signal is CONTEXT_SIGNAL_UNAVAILABLE; fallback activity counters are active.
context-handoff-gate.py	PostToolUse	bash:a8df2edae194	announce	Context lifecycle signal is CONTEXT_SIGNAL_UNAVAILABLE; fallback activity counters are active.
context-handoff-gate.py	PostToolUse	bash:aacd0d243f21	announce	Context lifecycle signal is CONTEXT_SIGNAL_UNAVAILABLE; fallback activity counters are active.
context-handoff-gate.py	PostToolUse	bash:ab2d6ba28735	announce	Context lifecycle signal is CONTEXT_SIGNAL_UNAVAILABLE; fallback activity counters are active.
context-handoff-gate.py	PostToolUse	bash:ab34a98e521f	announce	Context lifecycle signal is CONTEXT_SIGNAL_UNAVAILABLE; fallback activity counters are active.
context-handoff-gate.py	PostToolUse	bash:ad440d3c7131	announce	Context lifecycle signal is CONTEXT_SIGNAL_UNAVAILABLE; fallback activity counters are active.
context-handoff-gate.py	PostToolUse	bash:ad925cffc617	announce	Context lifecycle signal is CONTEXT_SIGNAL_UNAVAILABLE; fallback activity counters are active.
context-handoff-gate.py	PostToolUse	bash:af5b3ca85fa1	announce	Context lifecycle signal is CONTEXT_SIGNAL_UNAVAILABLE; fallback activity counters are active.
context-handoff-gate.py	PostToolUse	bash:af5cea9bdde8	announce	Context lifecycle signal is CONTEXT_SIGNAL_UNAVAILABLE; fallback activity counters are active.
context-handoff-gate.py	PostToolUse	bash:af721d11c848	announce	Context lifecycle signal is CONTEXT_SIGNAL_UNAVAILABLE; fallback activity counters are active.
context-handoff-gate.py	PostToolUse	bash:b06a53e1ebbc	announce	Context lifecycle signal is CONTEXT_SIGNAL_UNAVAILABLE; fallback activity counters are active.
context-handoff-gate.py	PostToolUse	bash:b0de9bb63c62	announce	Context lifecycle signal is CONTEXT_SIGNAL_UNAVAILABLE; fallback activity counters are active.
context-handoff-gate.py	PostToolUse	bash:b246d182c196	announce	Context lifecycle signal is CONTEXT_SIGNAL_UNAVAILABLE; fallback activity counters are active.
context-handoff-gate.py	PostToolUse	bash:b34ac5161385	announce	Context lifecycle signal is CONTEXT_SIGNAL_UNAVAILABLE; fallback activity counters are active.
context-handoff-gate.py	PostToolUse	bash:b3a6c8bf4e02	announce	Context lifecycle signal is CONTEXT_SIGNAL_UNAVAILABLE; fallback activity counters are active.
context-handoff-gate.py	PostToolUse	bash:b3e297586c9e	announce	Context lifecycle signal is CONTEXT_SIGNAL_UNAVAILABLE; fallback activity counters are active.
context-handoff-gate.py	PostToolUse	bash:b4e742fed3b8	announce	Context lifecycle signal is CONTEXT_SIGNAL_UNAVAILABLE; fallback activity counters are active.
context-handoff-gate.py	PostToolUse	bash:b57bb62f8636	announce	Context lifecycle signal is CONTEXT_SIGNAL_UNAVAILABLE; fallback activity counters are active.
context-handoff-gate.py	PostToolUse	bash:b5b45a3b2bf9	announce	Context lifecycle signal is CONTEXT_SIGNAL_UNAVAILABLE; fallback activity counters are active.
context-handoff-gate.py	PostToolUse	bash:b5b5ebcbd0df	announce	Context lifecycle signal is CONTEXT_SIGNAL_UNAVAILABLE; fallback activity counters are active.
context-handoff-gate.py	PostToolUse	bash:b7e50762a706	announce	Context lifecycle signal is CONTEXT_SIGNAL_UNAVAILABLE; fallback activity counters are active.
context-handoff-gate.py	PostToolUse	bash:b7eb7f83b4ca	announce	Context lifecycle signal is CONTEXT_SIGNAL_UNAVAILABLE; fallback activity counters are active.
context-handoff-gate.py	PostToolUse	bash:b8a99e8c17cf	announce	Context lifecycle signal is CONTEXT_SIGNAL_UNAVAILABLE; fallback activity counters are active.
context-handoff-gate.py	PostToolUse	bash:b93be7ed0b93	announce	Context lifecycle signal is CONTEXT_SIGNAL_UNAVAILABLE; fallback activity counters are active.
context-handoff-gate.py	PostToolUse	bash:ba1ae8713236	announce	Context lifecycle signal is CONTEXT_SIGNAL_UNAVAILABLE; fallback activity counters are active.
context-handoff-gate.py	PostToolUse	bash:ba4b08716103	announce	Context lifecycle signal is CONTEXT_SIGNAL_UNAVAILABLE; fallback activity counters are active.
context-handoff-gate.py	PostToolUse	bash:babd38349eda	announce	Context lifecycle signal is CONTEXT_SIGNAL_UNAVAILABLE; fallback activity counters are active.
context-handoff-gate.py	PostToolUse	bash:bc2875e2cbe1	announce	Context lifecycle signal is CONTEXT_SIGNAL_UNAVAILABLE; fallback activity counters are active.
context-handoff-gate.py	PostToolUse	bash:bd2896278bdb	announce	Context lifecycle signal is CONTEXT_SIGNAL_UNAVAILABLE; fallback activity counters are active.
context-handoff-gate.py	PostToolUse	bash:bd88d63023d5	announce	Context lifecycle signal is CONTEXT_SIGNAL_UNAVAILABLE; fallback activity counters are active.
context-handoff-gate.py	PostToolUse	bash:be49b063624d	announce	Context lifecycle signal is CONTEXT_SIGNAL_UNAVAILABLE; fallback activity counters are active.
context-handoff-gate.py	PostToolUse	bash:be49fd1543c5	announce	Context lifecycle signal is CONTEXT_SIGNAL_UNAVAILABLE; fallback activity counters are active.
context-handoff-gate.py	PostToolUse	bash:bed50d1d450a	announce	Context lifecycle signal is CONTEXT_SIGNAL_UNAVAILABLE; fallback activity counters are active.
context-handoff-gate.py	PostToolUse	bash:bef1dc5199ac	announce	Context lifecycle signal is CONTEXT_SIGNAL_UNAVAILABLE; fallback activity counters are active.
context-handoff-gate.py	PostToolUse	bash:c0456dee3204	announce	Context lifecycle signal is CONTEXT_SIGNAL_UNAVAILABLE; fallback activity counters are active.
context-handoff-gate.py	PostToolUse	bash:c10f5d87c220	announce	Context lifecycle signal is CONTEXT_SIGNAL_UNAVAILABLE; fallback activity counters are active.
context-handoff-gate.py	PostToolUse	bash:c3050aceaa14	announce	Context lifecycle signal is CONTEXT_SIGNAL_UNAVAILABLE; fallback activity counters are active.
context-handoff-gate.py	PostToolUse	bash:c30d25668900	announce	Context lifecycle signal is CONTEXT_SIGNAL_UNAVAILABLE; fallback activity counters are active.
context-handoff-gate.py	PostToolUse	bash:c3e25aecfcd6	announce	Context lifecycle signal is CONTEXT_SIGNAL_UNAVAILABLE; fallback activity counters are active.
context-handoff-gate.py	PostToolUse	bash:c55551093ed7	announce	Context lifecycle signal is CONTEXT_SIGNAL_UNAVAILABLE; fallback activity counters are active.
context-handoff-gate.py	PostToolUse	bash:c7377afe2f60	announce	Context lifecycle signal is CONTEXT_SIGNAL_UNAVAILABLE; fallback activity counters are active.
context-handoff-gate.py	PostToolUse	bash:c80de11f01e9	announce	Context lifecycle signal is CONTEXT_SIGNAL_UNAVAILABLE; fallback activity counters are active.
context-handoff-gate.py	PostToolUse	bash:c9ce3b88a616	announce	Context lifecycle signal is CONTEXT_SIGNAL_UNAVAILABLE; fallback activity counters are active.
context-handoff-gate.py	PostToolUse	bash:c9d0020536f0	announce	Context lifecycle signal is CONTEXT_SIGNAL_UNAVAILABLE; fallback activity counters are active.
context-handoff-gate.py	PostToolUse	bash:ca290aa19cfe	announce	Context lifecycle signal is CONTEXT_SIGNAL_UNAVAILABLE; fallback activity counters are active.
context-handoff-gate.py	PostToolUse	bash:ccebfb39d681	announce	Context lifecycle signal is CONTEXT_SIGNAL_UNAVAILABLE; fallback activity counters are active.
context-handoff-gate.py	PostToolUse	bash:cd4b6cafd705	announce	Context lifecycle signal is CONTEXT_SIGNAL_UNAVAILABLE; fallback activity counters are active.
context-handoff-gate.py	PostToolUse	bash:cd929f3b7851	announce	Context lifecycle signal is CONTEXT_SIGNAL_UNAVAILABLE; fallback activity counters are active.
context-handoff-gate.py	PostToolUse	bash:ce69c6ec9706	announce	Context lifecycle signal is CONTEXT_SIGNAL_UNAVAILABLE; fallback activity counters are active.
context-handoff-gate.py	PostToolUse	bash:ced9ea89d9b4	announce	Context lifecycle signal is CONTEXT_SIGNAL_UNAVAILABLE; fallback activity counters are active.
context-handoff-gate.py	PostToolUse	bash:ceffaae2beba	announce	Context lifecycle signal is CONTEXT_SIGNAL_UNAVAILABLE; fallback activity counters are active.
context-handoff-gate.py	PostToolUse	bash:d02da6c6d713	announce	Context lifecycle signal is CONTEXT_SIGNAL_UNAVAILABLE; fallback activity counters are active.
context-handoff-gate.py	PostToolUse	bash:d130989dfa63	announce	Context lifecycle signal is CONTEXT_SIGNAL_UNAVAILABLE; fallback activity counters are active.
context-handoff-gate.py	PostToolUse	bash:d392a9166658	announce	Context lifecycle signal is CONTEXT_SIGNAL_UNAVAILABLE; fallback activity counters are active.
context-handoff-gate.py	PostToolUse	bash:d40538df9aa1	announce	Context lifecycle signal is CONTEXT_SIGNAL_UNAVAILABLE; fallback activity counters are active.
context-handoff-gate.py	PostToolUse	bash:d44dd3476231	announce	Context lifecycle signal is CONTEXT_SIGNAL_UNAVAILABLE; fallback activity counters are active.
context-handoff-gate.py	PostToolUse	bash:d63375e62abc	announce	Context lifecycle signal is CONTEXT_SIGNAL_UNAVAILABLE; fallback activity counters are active.
context-handoff-gate.py	PostToolUse	bash:d65f5fe39f20	announce	Context lifecycle signal is CONTEXT_SIGNAL_UNAVAILABLE; fallback activity counters are active.
context-handoff-gate.py	PostToolUse	bash:d67a835af836	announce	Context lifecycle signal is CONTEXT_SIGNAL_UNAVAILABLE; fallback activity counters are active.
context-handoff-gate.py	PostToolUse	bash:d904481f8983	announce	Context lifecycle signal is CONTEXT_SIGNAL_UNAVAILABLE; fallback activity counters are active.
context-handoff-gate.py	PostToolUse	bash:d947b6ba2746	announce	Context lifecycle signal is CONTEXT_SIGNAL_UNAVAILABLE; fallback activity counters are active.
context-handoff-gate.py	PostToolUse	bash:d950f13f77aa	announce	Context lifecycle signal is CONTEXT_SIGNAL_UNAVAILABLE; fallback activity counters are active.
context-handoff-gate.py	PostToolUse	bash:d9c4bd618233	announce	Context lifecycle signal is CONTEXT_SIGNAL_UNAVAILABLE; fallback activity counters are active.
context-handoff-gate.py	PostToolUse	bash:da8be7f9827b	announce	Context lifecycle signal is CONTEXT_SIGNAL_UNAVAILABLE; fallback activity counters are active.
context-handoff-gate.py	PostToolUse	bash:db03b35093b6	announce	Context lifecycle signal is CONTEXT_SIGNAL_UNAVAILABLE; fallback activity counters are active.
context-handoff-gate.py	PostToolUse	bash:df456cf2d103	announce	Context lifecycle signal is CONTEXT_SIGNAL_UNAVAILABLE; fallback activity counters are active.
context-handoff-gate.py	PostToolUse	bash:df95e15f3028	announce	Context lifecycle signal is CONTEXT_SIGNAL_UNAVAILABLE; fallback activity counters are active.
context-handoff-gate.py	PostToolUse	bash:dfc1da59cb60	announce	Context lifecycle signal is CONTEXT_SIGNAL_UNAVAILABLE; fallback activity counters are active.
context-handoff-gate.py	PostToolUse	bash:e15de7ccac12	announce	Context lifecycle signal is CONTEXT_SIGNAL_UNAVAILABLE; fallback activity counters are active.
context-handoff-gate.py	PostToolUse	bash:e1cbd0fab61e	announce	Context lifecycle signal is CONTEXT_SIGNAL_UNAVAILABLE; fallback activity counters are active.
context-handoff-gate.py	PostToolUse	bash:e2b455bfab25	announce	Context lifecycle signal is CONTEXT_SIGNAL_UNAVAILABLE; fallback activity counters are active.
context-handoff-gate.py	PostToolUse	bash:e2d9984b7c3d	announce	Context lifecycle signal is CONTEXT_SIGNAL_UNAVAILABLE; fallback activity counters are active.
context-handoff-gate.py	PostToolUse	bash:e31d0a3c5eba	announce	Context lifecycle signal is CONTEXT_SIGNAL_UNAVAILABLE; fallback activity counters are active.
context-handoff-gate.py	PostToolUse	bash:e3c7b98b9e56	announce	Context lifecycle signal is CONTEXT_SIGNAL_UNAVAILABLE; fallback activity counters are active.
context-handoff-gate.py	PostToolUse	bash:e500eacddeaa	announce	Context lifecycle signal is CONTEXT_SIGNAL_UNAVAILABLE; fallback activity counters are active.
context-handoff-gate.py	PostToolUse	bash:e7624db4b847	announce	Context lifecycle signal is CONTEXT_SIGNAL_UNAVAILABLE; fallback activity counters are active.
context-handoff-gate.py	PostToolUse	bash:e7803685540f	announce	Context lifecycle signal is CONTEXT_SIGNAL_UNAVAILABLE; fallback activity counters are active.
context-handoff-gate.py	PostToolUse	bash:e78d87100d6f	announce	Context lifecycle signal is CONTEXT_SIGNAL_UNAVAILABLE; fallback activity counters are active.
context-handoff-gate.py	PostToolUse	bash:e852a3fc4a1e	announce	Context lifecycle signal is CONTEXT_SIGNAL_UNAVAILABLE; fallback activity counters are active.
context-handoff-gate.py	PostToolUse	bash:e8f73e9beed2	announce	Context lifecycle signal is CONTEXT_SIGNAL_UNAVAILABLE; fallback activity counters are active.
context-handoff-gate.py	PostToolUse	bash:eb92a87d9c7f	announce	Context lifecycle signal is CONTEXT_SIGNAL_UNAVAILABLE; fallback activity counters are active.
context-handoff-gate.py	PostToolUse	bash:ec8b7a771a25	announce	Context lifecycle signal is CONTEXT_SIGNAL_UNAVAILABLE; fallback activity counters are active.
context-handoff-gate.py	PostToolUse	bash:ecc799702da2	announce	Context lifecycle signal is CONTEXT_SIGNAL_UNAVAILABLE; fallback activity counters are active.
context-handoff-gate.py	PostToolUse	bash:ecf21185dad3	announce	Context lifecycle signal is CONTEXT_SIGNAL_UNAVAILABLE; fallback activity counters are active.
context-handoff-gate.py	PostToolUse	bash:ed8d32fdddb5	announce	Context lifecycle signal is CONTEXT_SIGNAL_UNAVAILABLE; fallback activity counters are active.
context-handoff-gate.py	PostToolUse	bash:ee99a999a224	announce	Context lifecycle signal is CONTEXT_SIGNAL_UNAVAILABLE; fallback activity counters are active.
context-handoff-gate.py	PostToolUse	bash:f1790aad0a9c	announce	Context lifecycle signal is CONTEXT_SIGNAL_UNAVAILABLE; fallback activity counters are active.
context-handoff-gate.py	PostToolUse	bash:f1f5e94d94ee	announce	Context lifecycle signal is CONTEXT_SIGNAL_UNAVAILABLE; fallback activity counters are active.
context-handoff-gate.py	PostToolUse	bash:f39310a49620	announce	Context lifecycle signal is CONTEXT_SIGNAL_UNAVAILABLE; fallback activity counters are active.
context-handoff-gate.py	PostToolUse	bash:f4cc1043d99e	announce	Context lifecycle signal is CONTEXT_SIGNAL_UNAVAILABLE; fallback activity counters are active.
context-handoff-gate.py	PostToolUse	bash:f622ea565764	announce	Context lifecycle signal is CONTEXT_SIGNAL_UNAVAILABLE; fallback activity counters are active.
context-handoff-gate.py	PostToolUse	bash:f6b19cbf7e98	announce	Context lifecycle signal is CONTEXT_SIGNAL_UNAVAILABLE; fallback activity counters are active.
context-handoff-gate.py	PostToolUse	bash:f79bbc067e7f	announce	Context lifecycle signal is CONTEXT_SIGNAL_UNAVAILABLE; fallback activity counters are active.
context-handoff-gate.py	PostToolUse	bash:f7a2a43449a2	announce	Context lifecycle signal is CONTEXT_SIGNAL_UNAVAILABLE; fallback activity counters are active.
context-handoff-gate.py	PostToolUse	bash:fad9e835ebce	announce	Context lifecycle signal is CONTEXT_SIGNAL_UNAVAILABLE; fallback activity counters are active.
context-handoff-gate.py	PostToolUse	bash:fb78a2e7b7cd	announce	Context lifecycle signal is CONTEXT_SIGNAL_UNAVAILABLE; fallback activity counters are active.
context-handoff-gate.py	PostToolUse	bash:fbead7153511	announce	Context lifecycle signal is CONTEXT_SIGNAL_UNAVAILABLE; fallback activity counters are active.
context-handoff-gate.py	PostToolUse	bash:fcb80257d6d4	announce	Context lifecycle signal is CONTEXT_SIGNAL_UNAVAILABLE; fallback activity counters are active.
context-handoff-gate.py	PostToolUse	bash:fccf9ae553aa	announce	Context lifecycle signal is CONTEXT_SIGNAL_UNAVAILABLE; fallback activity counters are active.
context-handoff-gate.py	PostToolUse	bash:fcdf98f8ca35	announce	Context lifecycle signal is CONTEXT_SIGNAL_UNAVAILABLE; fallback activity counters are active.
context-handoff-gate.py	PostToolUse	bash:fd1835167bc4	announce	Context lifecycle signal is CONTEXT_SIGNAL_UNAVAILABLE; fallback activity counters are active.
context-handoff-gate.py	PostToolUse	bash:fde408390b92	announce	Context lifecycle signal is CONTEXT_SIGNAL_UNAVAILABLE; fallback activity counters are active.
context-handoff-gate.py	PostToolUse	bash:fe264cb28a77	announce	Context lifecycle signal is CONTEXT_SIGNAL_UNAVAILABLE; fallback activity counters are active.
context-handoff-gate.py	PostToolUse	edits:005d482ca566	announce	Context lifecycle signal is CONTEXT_SIGNAL_UNAVAILABLE; fallback activity counters are active.
context-handoff-gate.py	PostToolUse	edits:010a4c03c18b	announce	Context lifecycle signal is CONTEXT_SIGNAL_UNAVAILABLE; fallback activity counters are active.
context-handoff-gate.py	PostToolUse	edits:01ae1bd19913	announce	Context lifecycle signal is CONTEXT_SIGNAL_UNAVAILABLE; fallback activity counters are active.
context-handoff-gate.py	PostToolUse	edits:03e198646e6d	announce	Context lifecycle signal is CONTEXT_SIGNAL_UNAVAILABLE; fallback activity counters are active.
context-handoff-gate.py	PostToolUse	edits:090724b72058	announce	Context lifecycle signal is CONTEXT_SIGNAL_UNAVAILABLE; fallback activity counters are active.
context-handoff-gate.py	PostToolUse	edits:0a64781c385b	announce	Context lifecycle signal is CONTEXT_SIGNAL_UNAVAILABLE; fallback activity counters are active.
context-handoff-gate.py	PostToolUse	edits:0ba2e8a87506	announce	Context lifecycle signal is CONTEXT_SIGNAL_UNAVAILABLE; fallback activity counters are active.
context-handoff-gate.py	PostToolUse	edits:0ebaefe865cb	announce	Context lifecycle signal is CONTEXT_SIGNAL_UNAVAILABLE; fallback activity counters are active.
context-handoff-gate.py	PostToolUse	edits:0f09b0fb8f85	announce	Context lifecycle signal is CONTEXT_SIGNAL_UNAVAILABLE; fallback activity counters are active.
context-handoff-gate.py	PostToolUse	edits:106ba50bf4f1	announce	Context lifecycle signal is CONTEXT_SIGNAL_UNAVAILABLE; fallback activity counters are active.
context-handoff-gate.py	PostToolUse	edits:12993081a8ac	announce	Context lifecycle signal is CONTEXT_SIGNAL_UNAVAILABLE; fallback activity counters are active.
context-handoff-gate.py	PostToolUse	edits:1c14d7cd0107	announce	Context lifecycle signal is CONTEXT_SIGNAL_UNAVAILABLE; fallback activity counters are active.
context-handoff-gate.py	PostToolUse	edits:24e45f35da6a	announce	Context lifecycle signal is CONTEXT_SIGNAL_UNAVAILABLE; fallback activity counters are active.
context-handoff-gate.py	PostToolUse	edits:282101857332	announce	Context lifecycle signal is CONTEXT_SIGNAL_UNAVAILABLE; fallback activity counters are active.
context-handoff-gate.py	PostToolUse	edits:2846baa603e1	announce	Context lifecycle signal is CONTEXT_SIGNAL_UNAVAILABLE; fallback activity counters are active.
context-handoff-gate.py	PostToolUse	edits:2a66692e0056	announce	Context lifecycle signal is CONTEXT_SIGNAL_UNAVAILABLE; fallback activity counters are active.
context-handoff-gate.py	PostToolUse	edits:2d46204312ac	announce	Context lifecycle signal is CONTEXT_SIGNAL_UNAVAILABLE; fallback activity counters are active.
context-handoff-gate.py	PostToolUse	edits:352c8dc8ef9e	announce	Context lifecycle signal is CONTEXT_SIGNAL_UNAVAILABLE; fallback activity counters are active.
context-handoff-gate.py	PostToolUse	edits:35d9f017b2f2	announce	Context lifecycle signal is CONTEXT_SIGNAL_UNAVAILABLE; fallback activity counters are active.
context-handoff-gate.py	PostToolUse	edits:37a4a6b3751c	announce	Context lifecycle signal is CONTEXT_SIGNAL_UNAVAILABLE; fallback activity counters are active.
context-handoff-gate.py	PostToolUse	edits:3ea11d9f62a3	announce	Context lifecycle signal is CONTEXT_SIGNAL_UNAVAILABLE; fallback activity counters are active.
context-handoff-gate.py	PostToolUse	edits:46ed19be24a5	announce	Context lifecycle signal is CONTEXT_SIGNAL_UNAVAILABLE; fallback activity counters are active.
context-handoff-gate.py	PostToolUse	edits:48d455eec5a1	announce	Context lifecycle signal is CONTEXT_SIGNAL_UNAVAILABLE; fallback activity counters are active.
context-handoff-gate.py	PostToolUse	edits:4ea164ba7c1a	announce	Context lifecycle signal is CONTEXT_SIGNAL_UNAVAILABLE; fallback activity counters are active.
context-handoff-gate.py	PostToolUse	edits:4eeb44ad3d4f	announce	Context lifecycle signal is CONTEXT_SIGNAL_UNAVAILABLE; fallback activity counters are active.
context-handoff-gate.py	PostToolUse	edits:50d0da61a891	announce	Context lifecycle signal is CONTEXT_SIGNAL_UNAVAILABLE; fallback activity counters are active.
context-handoff-gate.py	PostToolUse	edits:52c30beb1863	announce	Context lifecycle signal is CONTEXT_SIGNAL_UNAVAILABLE; fallback activity counters are active.
context-handoff-gate.py	PostToolUse	edits:5b6d0f1aa37c	announce	Context lifecycle signal is CONTEXT_SIGNAL_UNAVAILABLE; fallback activity counters are active.
context-handoff-gate.py	PostToolUse	edits:5b9f3adbd9c3	announce	Context lifecycle signal is CONTEXT_SIGNAL_UNAVAILABLE; fallback activity counters are active.
context-handoff-gate.py	PostToolUse	edits:5f1136cb8536	announce	Context lifecycle signal is CONTEXT_SIGNAL_UNAVAILABLE; fallback activity counters are active.
context-handoff-gate.py	PostToolUse	edits:5fcdef5490e0	announce	Context lifecycle signal is CONTEXT_SIGNAL_UNAVAILABLE; fallback activity counters are active.
context-handoff-gate.py	PostToolUse	edits:6a9898a282d3	announce	Context lifecycle signal is CONTEXT_SIGNAL_UNAVAILABLE; fallback activity counters are active.
context-handoff-gate.py	PostToolUse	edits:6d024df913ba	announce	Context lifecycle signal is CONTEXT_SIGNAL_UNAVAILABLE; fallback activity counters are active.
context-handoff-gate.py	PostToolUse	edits:7531ac48792e	announce	Context lifecycle signal is CONTEXT_SIGNAL_UNAVAILABLE; fallback activity counters are active.
context-handoff-gate.py	PostToolUse	edits:77ec78177980	announce	Context lifecycle signal is CONTEXT_SIGNAL_UNAVAILABLE; fallback activity counters are active.
context-handoff-gate.py	PostToolUse	edits:7a7a7df59adf	announce	Context lifecycle signal is CONTEXT_SIGNAL_UNAVAILABLE; fallback activity counters are active.
context-handoff-gate.py	PostToolUse	edits:7adb3b4daa7b	announce	Context lifecycle signal is CONTEXT_SIGNAL_UNAVAILABLE; fallback activity counters are active.
context-handoff-gate.py	PostToolUse	edits:7c8038af7afb	announce	Context lifecycle signal is CONTEXT_SIGNAL_UNAVAILABLE; fallback activity counters are active.
context-handoff-gate.py	PostToolUse	edits:7f53c2334c84	announce	Context lifecycle signal is CONTEXT_SIGNAL_UNAVAILABLE; fallback activity counters are active.
context-handoff-gate.py	PostToolUse	edits:82f56361511d	announce	Context lifecycle signal is CONTEXT_SIGNAL_UNAVAILABLE; fallback activity counters are active.
context-handoff-gate.py	PostToolUse	edits:839237a8b67e	announce	Context lifecycle signal is CONTEXT_SIGNAL_UNAVAILABLE; fallback activity counters are active.
context-handoff-gate.py	PostToolUse	edits:8aa933223041	announce	Context lifecycle signal is CONTEXT_SIGNAL_UNAVAILABLE; fallback activity counters are active.
context-handoff-gate.py	PostToolUse	edits:8b325b1e48d3	announce	Context lifecycle signal is CONTEXT_SIGNAL_UNAVAILABLE; fallback activity counters are active.
context-handoff-gate.py	PostToolUse	edits:8cb3c1a0ec84	announce	Context lifecycle signal is CONTEXT_SIGNAL_UNAVAILABLE; fallback activity counters are active.
context-handoff-gate.py	PostToolUse	edits:9040e248320f	announce	Context lifecycle signal is CONTEXT_SIGNAL_UNAVAILABLE; fallback activity counters are active.
context-handoff-gate.py	PostToolUse	edits:936ead460a28	announce	Context lifecycle signal is CONTEXT_SIGNAL_UNAVAILABLE; fallback activity counters are active.
context-handoff-gate.py	PostToolUse	edits:938f9e05899c	announce	Context lifecycle signal is CONTEXT_SIGNAL_UNAVAILABLE; fallback activity counters are active.
context-handoff-gate.py	PostToolUse	edits:95954e0ba4f7	announce	Context lifecycle signal is CONTEXT_SIGNAL_UNAVAILABLE; fallback activity counters are active.
context-handoff-gate.py	PostToolUse	edits:9c08586d67cf	announce	Context lifecycle signal is CONTEXT_SIGNAL_UNAVAILABLE; fallback activity counters are active.
context-handoff-gate.py	PostToolUse	edits:a6bb8d7e4899	announce	Context lifecycle signal is CONTEXT_SIGNAL_UNAVAILABLE; fallback activity counters are active.
context-handoff-gate.py	PostToolUse	edits:bd28a4705e8e	announce	Context lifecycle signal is CONTEXT_SIGNAL_UNAVAILABLE; fallback activity counters are active.
context-handoff-gate.py	PostToolUse	edits:c44bca5616e8	announce	Context lifecycle signal is CONTEXT_SIGNAL_UNAVAILABLE; fallback activity counters are active.
context-handoff-gate.py	PostToolUse	edits:c97dd4636c97	announce	Context lifecycle signal is CONTEXT_SIGNAL_UNAVAILABLE; fallback activity counters are active.
context-handoff-gate.py	PostToolUse	edits:cdbcf60040f0	announce	Context lifecycle signal is CONTEXT_SIGNAL_UNAVAILABLE; fallback activity counters are active.
context-handoff-gate.py	PostToolUse	edits:cdd65a0f0747	announce	Context lifecycle signal is CONTEXT_SIGNAL_UNAVAILABLE; fallback activity counters are active.
context-handoff-gate.py	PostToolUse	edits:cf9fe3e4634d	announce	Context lifecycle signal is CONTEXT_SIGNAL_UNAVAILABLE; fallback activity counters are active.
context-handoff-gate.py	PostToolUse	edits:d1e2d11c38bf	announce	Context lifecycle signal is CONTEXT_SIGNAL_UNAVAILABLE; fallback activity counters are active.
context-handoff-gate.py	PostToolUse	edits:d1f3ea015436	announce	Context lifecycle signal is CONTEXT_SIGNAL_UNAVAILABLE; fallback activity counters are active.
context-handoff-gate.py	PostToolUse	edits:d2e9f981721e	announce	Context lifecycle signal is CONTEXT_SIGNAL_UNAVAILABLE; fallback activity counters are active.
context-handoff-gate.py	PostToolUse	edits:d30781a88870	announce	Context lifecycle signal is CONTEXT_SIGNAL_UNAVAILABLE; fallback activity counters are active.
context-handoff-gate.py	PostToolUse	edits:d4564e9ee298	announce	Context lifecycle signal is CONTEXT_SIGNAL_UNAVAILABLE; fallback activity counters are active.
context-handoff-gate.py	PostToolUse	edits:d9316125677c	announce	Context lifecycle signal is CONTEXT_SIGNAL_UNAVAILABLE; fallback activity counters are active.
context-handoff-gate.py	PostToolUse	edits:d9f8158e788a	announce	Context lifecycle signal is CONTEXT_SIGNAL_UNAVAILABLE; fallback activity counters are active.
context-handoff-gate.py	PostToolUse	edits:e118d512a4fa	announce	Context lifecycle signal is CONTEXT_SIGNAL_UNAVAILABLE; fallback activity counters are active.
context-handoff-gate.py	PostToolUse	edits:e43bee54f105	announce	Context lifecycle signal is CONTEXT_SIGNAL_UNAVAILABLE; fallback activity counters are active.
context-handoff-gate.py	PostToolUse	edits:e4504e612dc7	announce	Context lifecycle signal is CONTEXT_SIGNAL_UNAVAILABLE; fallback activity counters are active.
context-handoff-gate.py	PostToolUse	edits:e6159e6e35df	announce	Context lifecycle signal is CONTEXT_SIGNAL_UNAVAILABLE; fallback activity counters are active.
context-handoff-gate.py	PostToolUse	edits:e87f7bda8743	announce	Context lifecycle signal is CONTEXT_SIGNAL_UNAVAILABLE; fallback activity counters are active.
context-handoff-gate.py	PostToolUse	edits:e9dc423af926	announce	Context lifecycle signal is CONTEXT_SIGNAL_UNAVAILABLE; fallback activity counters are active.
context-handoff-gate.py	PostToolUse	edits:ed4bb40b7621	announce	Context lifecycle signal is CONTEXT_SIGNAL_UNAVAILABLE; fallback activity counters are active.
context-handoff-gate.py	PostToolUse	edits:eeffd812b61c	announce	Context lifecycle signal is CONTEXT_SIGNAL_UNAVAILABLE; fallback activity counters are active.
context-handoff-gate.py	PostToolUse	edits:f04b9936c6a2	announce	Context lifecycle signal is CONTEXT_SIGNAL_UNAVAILABLE; fallback activity counters are active.
context-handoff-gate.py	PostToolUse	edits:f47899fdbe4b	announce	Context lifecycle signal is CONTEXT_SIGNAL_UNAVAILABLE; fallback activity counters are active.
context-handoff-gate.py	PostToolUse	edits:f5c0deb10c61	announce	Context lifecycle signal is CONTEXT_SIGNAL_UNAVAILABLE; fallback activity counters are active.
context-handoff-gate.py	PostToolUse	edits:f66adb22dbc7	announce	Context lifecycle signal is CONTEXT_SIGNAL_UNAVAILABLE; fallback activity counters are active.
context-handoff-gate.py	PostToolUse	edits:fa39d0ae0973	announce	Context lifecycle signal is CONTEXT_SIGNAL_UNAVAILABLE; fallback activity counters are active.
context-handoff-gate.py	PostToolUse	edits:fcec80f23365	announce	Context lifecycle signal is CONTEXT_SIGNAL_UNAVAILABLE; fallback activity counters are active.
context-handoff-gate.py	PostToolUse	edits:fd26ca56df4b	announce	Context lifecycle signal is CONTEXT_SIGNAL_UNAVAILABLE; fallback activity counters are active.
context-handoff-gate.py	PostToolUse	reads:02c975a2f703	announce	Context lifecycle signal is CONTEXT_SIGNAL_UNAVAILABLE; fallback activity counters are active.
context-handoff-gate.py	PostToolUse	reads:0869e795c36e	announce	Context lifecycle signal is CONTEXT_SIGNAL_UNAVAILABLE; fallback activity counters are active.
context-handoff-gate.py	PostToolUse	reads:089380787c1a	announce	Context lifecycle signal is CONTEXT_SIGNAL_UNAVAILABLE; fallback activity counters are active.
context-handoff-gate.py	PostToolUse	reads:0f17f5e14cd0	announce	Context lifecycle signal is CONTEXT_SIGNAL_UNAVAILABLE; fallback activity counters are active.
context-handoff-gate.py	PostToolUse	reads:13dd876c3feb	announce	Context lifecycle signal is CONTEXT_SIGNAL_UNAVAILABLE; fallback activity counters are active.
context-handoff-gate.py	PostToolUse	reads:1a35ae50bc08	announce	Context lifecycle signal is CONTEXT_SIGNAL_UNAVAILABLE; fallback activity counters are active.
context-handoff-gate.py	PostToolUse	reads:24883105c858	announce	Context lifecycle signal is CONTEXT_SIGNAL_UNAVAILABLE; fallback activity counters are active.
context-handoff-gate.py	PostToolUse	reads:2888657a01d8	announce	Context lifecycle signal is CONTEXT_SIGNAL_UNAVAILABLE; fallback activity counters are active.
context-handoff-gate.py	PostToolUse	reads:2f2199176329	announce	Context lifecycle signal is CONTEXT_SIGNAL_UNAVAILABLE; fallback activity counters are active.
context-handoff-gate.py	PostToolUse	reads:2f8cdc1462aa	announce	Context lifecycle signal is CONTEXT_SIGNAL_UNAVAILABLE; fallback activity counters are active.
context-handoff-gate.py	PostToolUse	reads:3e1e0756fbf3	announce	Context lifecycle signal is CONTEXT_SIGNAL_UNAVAILABLE; fallback activity counters are active.
context-handoff-gate.py	PostToolUse	reads:48f51fe1c24c	announce	Context lifecycle signal is CONTEXT_SIGNAL_UNAVAILABLE; fallback activity counters are active.
context-handoff-gate.py	PostToolUse	reads:4e612882f052	announce	Context lifecycle signal is CONTEXT_SIGNAL_UNAVAILABLE; fallback activity counters are active.
context-handoff-gate.py	PostToolUse	reads:53268620a4d2	announce	Context lifecycle signal is CONTEXT_SIGNAL_UNAVAILABLE; fallback activity counters are active.
context-handoff-gate.py	PostToolUse	reads:58ee0a9d91e0	announce	Context lifecycle signal is CONTEXT_SIGNAL_UNAVAILABLE; fallback activity counters are active.
context-handoff-gate.py	PostToolUse	reads:5a9c5373c27e	announce	Context lifecycle signal is CONTEXT_SIGNAL_UNAVAILABLE; fallback activity counters are active.
context-handoff-gate.py	PostToolUse	reads:5c2546a38d57	announce	Context lifecycle signal is CONTEXT_SIGNAL_UNAVAILABLE; fallback activity counters are active.
context-handoff-gate.py	PostToolUse	reads:5ca3833cf310	announce	Context lifecycle signal is CONTEXT_SIGNAL_UNAVAILABLE; fallback activity counters are active.
context-handoff-gate.py	PostToolUse	reads:5db764a00b08	announce	Context lifecycle signal is CONTEXT_SIGNAL_UNAVAILABLE; fallback activity counters are active.
context-handoff-gate.py	PostToolUse	reads:5e9a9fcc29bb	announce	Context lifecycle signal is CONTEXT_SIGNAL_UNAVAILABLE; fallback activity counters are active.
context-handoff-gate.py	PostToolUse	reads:5e9efd30d945	announce	Context lifecycle signal is CONTEXT_SIGNAL_UNAVAILABLE; fallback activity counters are active.
context-handoff-gate.py	PostToolUse	reads:6477230263f7	announce	Context lifecycle signal is CONTEXT_SIGNAL_UNAVAILABLE; fallback activity counters are active.
context-handoff-gate.py	PostToolUse	reads:648eb0c11a26	announce	Context lifecycle signal is CONTEXT_SIGNAL_UNAVAILABLE; fallback activity counters are active.
context-handoff-gate.py	PostToolUse	reads:6a49917e6e51	announce	Context lifecycle signal is CONTEXT_SIGNAL_UNAVAILABLE; fallback activity counters are active.
context-handoff-gate.py	PostToolUse	reads:6c2c31840126	announce	Context lifecycle signal is CONTEXT_SIGNAL_UNAVAILABLE; fallback activity counters are active.
context-handoff-gate.py	PostToolUse	reads:7248b9382f9e	announce	Context lifecycle signal is CONTEXT_SIGNAL_UNAVAILABLE; fallback activity counters are active.
context-handoff-gate.py	PostToolUse	reads:729c41c8ca72	announce	Context lifecycle signal is CONTEXT_SIGNAL_UNAVAILABLE; fallback activity counters are active.
context-handoff-gate.py	PostToolUse	reads:775a943c0edd	announce	Context lifecycle signal is CONTEXT_SIGNAL_UNAVAILABLE; fallback activity counters are active.
context-handoff-gate.py	PostToolUse	reads:87e16ff8c9c3	announce	Context lifecycle signal is CONTEXT_SIGNAL_UNAVAILABLE; fallback activity counters are active.
context-handoff-gate.py	PostToolUse	reads:8ae1decfd95c	announce	Context lifecycle signal is CONTEXT_SIGNAL_UNAVAILABLE; fallback activity counters are active.
context-handoff-gate.py	PostToolUse	reads:9707eb2387ed	announce	Context lifecycle signal is CONTEXT_SIGNAL_UNAVAILABLE; fallback activity counters are active.
context-handoff-gate.py	PostToolUse	reads:9c1d40470d43	announce	Context lifecycle signal is CONTEXT_SIGNAL_UNAVAILABLE; fallback activity counters are active.
context-handoff-gate.py	PostToolUse	reads:9e9bea17dcac	announce	Context lifecycle signal is CONTEXT_SIGNAL_UNAVAILABLE; fallback activity counters are active.
context-handoff-gate.py	PostToolUse	reads:a037ceddd24e	announce	Context lifecycle signal is CONTEXT_SIGNAL_UNAVAILABLE; fallback activity counters are active.
context-handoff-gate.py	PostToolUse	reads:b8ee0d8bbf41	announce	Context lifecycle signal is CONTEXT_SIGNAL_UNAVAILABLE; fallback activity counters are active.
context-handoff-gate.py	PostToolUse	reads:bdf5a9398fd6	announce	Context lifecycle signal is CONTEXT_SIGNAL_UNAVAILABLE; fallback activity counters are active.
context-handoff-gate.py	PostToolUse	reads:c13469956ba1	announce	Context lifecycle signal is CONTEXT_SIGNAL_UNAVAILABLE; fallback activity counters are active.
context-handoff-gate.py	PostToolUse	reads:c68def4a42cb	announce	Context lifecycle signal is CONTEXT_SIGNAL_UNAVAILABLE; fallback activity counters are active.
context-handoff-gate.py	PostToolUse	reads:ca72ecdc9577	announce	Context lifecycle signal is CONTEXT_SIGNAL_UNAVAILABLE; fallback activity counters are active.
context-handoff-gate.py	PostToolUse	reads:cb94519aa94d	announce	Context lifecycle signal is CONTEXT_SIGNAL_UNAVAILABLE; fallback activity counters are active.
context-handoff-gate.py	PostToolUse	reads:cf9940a2e704	announce	Context lifecycle signal is CONTEXT_SIGNAL_UNAVAILABLE; fallback activity counters are active.
context-handoff-gate.py	PostToolUse	reads:cfc86eab6d67	announce	Context lifecycle signal is CONTEXT_SIGNAL_UNAVAILABLE; fallback activity counters are active.
context-handoff-gate.py	PostToolUse	reads:d226439d9855	announce	Context lifecycle signal is CONTEXT_SIGNAL_UNAVAILABLE; fallback activity counters are active.
context-handoff-gate.py	PostToolUse	reads:ddfa17f8c707	announce	Context lifecycle signal is CONTEXT_SIGNAL_UNAVAILABLE; fallback activity counters are active.
context-handoff-gate.py	PostToolUse	reads:e57a1086cc5c	announce	Context lifecycle signal is CONTEXT_SIGNAL_UNAVAILABLE; fallback activity counters are active.
context-handoff-gate.py	PostToolUse	reads:e633860c4cae	announce	Context lifecycle signal is CONTEXT_SIGNAL_UNAVAILABLE; fallback activity counters are active.
context-handoff-gate.py	PostToolUse	reads:f83b0bd614da	announce	Context lifecycle signal is CONTEXT_SIGNAL_UNAVAILABLE; fallback activity counters are active.
context-handoff-gate.py	PreCompact	(all)	counts	allow=87
context-handoff-gate.py	Stop	(all)	counts	announce=87
context-handoff-gate.py	Stop	advisories:0521ac6e0340/asks-permission	announce	Claude context lifecycle control warning (LIFECYCLE_INVALID); native Claude behavior continues.
context-handoff-gate.py	Stop	advisories:0b5544d0632d/claims-done	announce	Claude context lifecycle control warning (LIFECYCLE_INVALID); native Claude behavior continues.
context-handoff-gate.py	Stop	advisories:1131c706f9fd/claims-done	announce	Claude context lifecycle control warning (LIFECYCLE_INVALID); native Claude behavior continues.
context-handoff-gate.py	Stop	advisories:12d66561f2be/plans-only	announce	Claude context lifecycle control warning (LIFECYCLE_INVALID); native Claude behavior continues.
context-handoff-gate.py	Stop	advisories:13676fdf59f5/claims-done	announce	Claude context lifecycle control warning (LIFECYCLE_INVALID); native Claude behavior continues.
context-handoff-gate.py	Stop	advisories:157aa0d9648b/reports-evidence	announce	Claude context lifecycle control warning (LIFECYCLE_INVALID); native Claude behavior continues.
context-handoff-gate.py	Stop	advisories:15eddbb266ab/reports-evidence	announce	Claude context lifecycle control warning (LIFECYCLE_INVALID); native Claude behavior continues.
context-handoff-gate.py	Stop	advisories:18cbf8fa1991/claims-done	announce	Claude context lifecycle control warning (LIFECYCLE_INVALID); native Claude behavior continues.
context-handoff-gate.py	Stop	advisories:1e19cb9c48ee/plans-only	announce	Claude context lifecycle control warning (LIFECYCLE_INVALID); native Claude behavior continues.
context-handoff-gate.py	Stop	advisories:1f526bf12615/claims-done	announce	Claude context lifecycle control warning (LIFECYCLE_INVALID); native Claude behavior continues.
context-handoff-gate.py	Stop	advisories:20c87e695c7e/plans-only	announce	Claude context lifecycle control warning (LIFECYCLE_INVALID); native Claude behavior continues.
context-handoff-gate.py	Stop	advisories:231db862260e/plans-only	announce	Claude context lifecycle control warning (LIFECYCLE_INVALID); native Claude behavior continues.
context-handoff-gate.py	Stop	advisories:2668b0e59663/reports-evidence	announce	Claude context lifecycle control warning (LIFECYCLE_INVALID); native Claude behavior continues.
context-handoff-gate.py	Stop	advisories:28aadf3ae8c4/asks-permission	announce	Claude context lifecycle control warning (LIFECYCLE_INVALID); native Claude behavior continues.
context-handoff-gate.py	Stop	advisories:2b1cc460a5da/plans-only	announce	Claude context lifecycle control warning (LIFECYCLE_INVALID); native Claude behavior continues.
context-handoff-gate.py	Stop	advisories:2d809405bd14/asks-permission	announce	Claude context lifecycle control warning (LIFECYCLE_INVALID); native Claude behavior continues.
context-handoff-gate.py	Stop	advisories:2db5b2a34d05/claims-done	announce	Claude context lifecycle control warning (LIFECYCLE_INVALID); native Claude behavior continues.
context-handoff-gate.py	Stop	advisories:2fd983d21c1e/plans-only	announce	Claude context lifecycle control warning (LIFECYCLE_INVALID); native Claude behavior continues.
context-handoff-gate.py	Stop	advisories:30318cbeebae/plans-only	announce	Claude context lifecycle control warning (LIFECYCLE_INVALID); native Claude behavior continues.
context-handoff-gate.py	Stop	advisories:305e6bc66e9d/claims-done	announce	Claude context lifecycle control warning (LIFECYCLE_INVALID); native Claude behavior continues.
context-handoff-gate.py	Stop	advisories:322a8b231016/plans-only	announce	Claude context lifecycle control warning (LIFECYCLE_INVALID); native Claude behavior continues.
context-handoff-gate.py	Stop	advisories:32f6412768c3/reports-evidence	announce	Claude context lifecycle control warning (LIFECYCLE_INVALID); native Claude behavior continues.
context-handoff-gate.py	Stop	advisories:330ce8d71385/claims-done	announce	Claude context lifecycle control warning (LIFECYCLE_INVALID); native Claude behavior continues.
context-handoff-gate.py	Stop	advisories:37e4fc352099/claims-done	announce	Claude context lifecycle control warning (LIFECYCLE_INVALID); native Claude behavior continues.
context-handoff-gate.py	Stop	advisories:384e0e166e77/reports-evidence	announce	Claude context lifecycle control warning (LIFECYCLE_INVALID); native Claude behavior continues.
context-handoff-gate.py	Stop	advisories:385e89e8bbc3/reports-evidence	announce	Claude context lifecycle control warning (LIFECYCLE_INVALID); native Claude behavior continues.
context-handoff-gate.py	Stop	advisories:3b5d6e7b6490/asks-permission	announce	Claude context lifecycle control warning (LIFECYCLE_INVALID); native Claude behavior continues.
context-handoff-gate.py	Stop	advisories:3f2424e26ae7/reports-evidence	announce	Claude context lifecycle control warning (LIFECYCLE_INVALID); native Claude behavior continues.
context-handoff-gate.py	Stop	advisories:3f71a896fe50/asks-permission	announce	Claude context lifecycle control warning (LIFECYCLE_INVALID); native Claude behavior continues.
context-handoff-gate.py	Stop	advisories:44ddad936537/reports-evidence	announce	Claude context lifecycle control warning (LIFECYCLE_INVALID); native Claude behavior continues.
context-handoff-gate.py	Stop	advisories:450a809b75ef/reports-evidence	announce	Claude context lifecycle control warning (LIFECYCLE_INVALID); native Claude behavior continues.
context-handoff-gate.py	Stop	advisories:4fb2c03b427a/plans-only	announce	Claude context lifecycle control warning (LIFECYCLE_INVALID); native Claude behavior continues.
context-handoff-gate.py	Stop	advisories:530699f5fcce/plans-only	announce	Claude context lifecycle control warning (LIFECYCLE_INVALID); native Claude behavior continues.
context-handoff-gate.py	Stop	advisories:55b1f4e13560/asks-permission	announce	Claude context lifecycle control warning (LIFECYCLE_INVALID); native Claude behavior continues.
context-handoff-gate.py	Stop	advisories:6252526ed7ad/claims-done	announce	Claude context lifecycle control warning (LIFECYCLE_INVALID); native Claude behavior continues.
context-handoff-gate.py	Stop	advisories:62654edb6456/plans-only	announce	Claude context lifecycle control warning (LIFECYCLE_INVALID); native Claude behavior continues.
context-handoff-gate.py	Stop	advisories:62cb86d9f335/claims-done	announce	Claude context lifecycle control warning (LIFECYCLE_INVALID); native Claude behavior continues.
context-handoff-gate.py	Stop	advisories:6c49f1bc4da1/claims-done	announce	Claude context lifecycle control warning (LIFECYCLE_INVALID); native Claude behavior continues.
context-handoff-gate.py	Stop	advisories:6dd7a872272e/plans-only	announce	Claude context lifecycle control warning (LIFECYCLE_INVALID); native Claude behavior continues.
context-handoff-gate.py	Stop	advisories:6f61bce71693/reports-evidence	announce	Claude context lifecycle control warning (LIFECYCLE_INVALID); native Claude behavior continues.
context-handoff-gate.py	Stop	advisories:74bf32980ec8/asks-permission	announce	Claude context lifecycle control warning (LIFECYCLE_INVALID); native Claude behavior continues.
context-handoff-gate.py	Stop	advisories:75dbf53df7d7/reports-evidence	announce	Claude context lifecycle control warning (LIFECYCLE_INVALID); native Claude behavior continues.
context-handoff-gate.py	Stop	advisories:7a998cdf893d/claims-done	announce	Claude context lifecycle control warning (LIFECYCLE_INVALID); native Claude behavior continues.
context-handoff-gate.py	Stop	advisories:9041b395ce99/claims-done	announce	Claude context lifecycle control warning (LIFECYCLE_INVALID); native Claude behavior continues.
context-handoff-gate.py	Stop	advisories:9139143ededa/plans-only	announce	Claude context lifecycle control warning (LIFECYCLE_INVALID); native Claude behavior continues.
context-handoff-gate.py	Stop	advisories:91a6d1a612eb/reports-evidence	announce	Claude context lifecycle control warning (LIFECYCLE_INVALID); native Claude behavior continues.
context-handoff-gate.py	Stop	advisories:93e9000d9186/plans-only	announce	Claude context lifecycle control warning (LIFECYCLE_INVALID); native Claude behavior continues.
context-handoff-gate.py	Stop	advisories:94a5d5c0235b/reports-evidence	announce	Claude context lifecycle control warning (LIFECYCLE_INVALID); native Claude behavior continues.
context-handoff-gate.py	Stop	advisories:95c7408fcc82/plans-only	announce	Claude context lifecycle control warning (LIFECYCLE_INVALID); native Claude behavior continues.
context-handoff-gate.py	Stop	advisories:98869106008f/reports-evidence	announce	Claude context lifecycle control warning (LIFECYCLE_INVALID); native Claude behavior continues.
context-handoff-gate.py	Stop	advisories:ab119b74cec7/reports-evidence	announce	Claude context lifecycle control warning (LIFECYCLE_INVALID); native Claude behavior continues.
context-handoff-gate.py	Stop	advisories:ab93044a82d9/claims-done	announce	Claude context lifecycle control warning (LIFECYCLE_INVALID); native Claude behavior continues.
context-handoff-gate.py	Stop	advisories:ac850a637052/plans-only	announce	Claude context lifecycle control warning (LIFECYCLE_INVALID); native Claude behavior continues.
context-handoff-gate.py	Stop	advisories:aea07fc2bb4f/reports-evidence	announce	Claude context lifecycle control warning (LIFECYCLE_INVALID); native Claude behavior continues.
context-handoff-gate.py	Stop	advisories:af3d957cb388/asks-permission	announce	Claude context lifecycle control warning (LIFECYCLE_INVALID); native Claude behavior continues.
context-handoff-gate.py	Stop	advisories:b20628fa6f81/claims-done	announce	Claude context lifecycle control warning (LIFECYCLE_INVALID); native Claude behavior continues.
context-handoff-gate.py	Stop	advisories:b3f78091d839/claims-done	announce	Claude context lifecycle control warning (LIFECYCLE_INVALID); native Claude behavior continues.
context-handoff-gate.py	Stop	advisories:b9c6c42ae722/plans-only	announce	Claude context lifecycle control warning (LIFECYCLE_INVALID); native Claude behavior continues.
context-handoff-gate.py	Stop	advisories:bc247231850e/plans-only	announce	Claude context lifecycle control warning (LIFECYCLE_INVALID); native Claude behavior continues.
context-handoff-gate.py	Stop	advisories:bf272acb7394/asks-permission	announce	Claude context lifecycle control warning (LIFECYCLE_INVALID); native Claude behavior continues.
context-handoff-gate.py	Stop	advisories:bf85b55a384d/claims-done	announce	Claude context lifecycle control warning (LIFECYCLE_INVALID); native Claude behavior continues.
context-handoff-gate.py	Stop	advisories:c04be8393118/asks-permission	announce	Claude context lifecycle control warning (LIFECYCLE_INVALID); native Claude behavior continues.
context-handoff-gate.py	Stop	advisories:c1d1b5dc18d5/claims-done	announce	Claude context lifecycle control warning (LIFECYCLE_INVALID); native Claude behavior continues.
context-handoff-gate.py	Stop	advisories:c238afd6be73/reports-evidence	announce	Claude context lifecycle control warning (LIFECYCLE_INVALID); native Claude behavior continues.
context-handoff-gate.py	Stop	advisories:c3e21c9390ba/plans-only	announce	Claude context lifecycle control warning (LIFECYCLE_INVALID); native Claude behavior continues.
context-handoff-gate.py	Stop	advisories:c53aa60b5c3d/claims-done	announce	Claude context lifecycle control warning (LIFECYCLE_INVALID); native Claude behavior continues.
context-handoff-gate.py	Stop	advisories:c8ee324eb8ef/reports-evidence	announce	Claude context lifecycle control warning (LIFECYCLE_INVALID); native Claude behavior continues.
context-handoff-gate.py	Stop	advisories:cb3ea36af558/asks-permission	announce	Claude context lifecycle control warning (LIFECYCLE_INVALID); native Claude behavior continues.
context-handoff-gate.py	Stop	advisories:cc8e35a9c2c1/claims-done	announce	Claude context lifecycle control warning (LIFECYCLE_INVALID); native Claude behavior continues.
context-handoff-gate.py	Stop	advisories:cc9fe9df7afc/asks-permission	announce	Claude context lifecycle control warning (LIFECYCLE_INVALID); native Claude behavior continues.
context-handoff-gate.py	Stop	advisories:d154f81f90ca/plans-only	announce	Claude context lifecycle control warning (LIFECYCLE_INVALID); native Claude behavior continues.
context-handoff-gate.py	Stop	advisories:d2d70bafa6c9/claims-done	announce	Claude context lifecycle control warning (LIFECYCLE_INVALID); native Claude behavior continues.
context-handoff-gate.py	Stop	advisories:d7d1d8d033cf/reports-evidence	announce	Claude context lifecycle control warning (LIFECYCLE_INVALID); native Claude behavior continues.
context-handoff-gate.py	Stop	advisories:da580b4a1adf/reports-evidence	announce	Claude context lifecycle control warning (LIFECYCLE_INVALID); native Claude behavior continues.
context-handoff-gate.py	Stop	advisories:dc778b698052/plans-only	announce	Claude context lifecycle control warning (LIFECYCLE_INVALID); native Claude behavior continues.
context-handoff-gate.py	Stop	advisories:e107b3ec595c/asks-permission	announce	Claude context lifecycle control warning (LIFECYCLE_INVALID); native Claude behavior continues.
context-handoff-gate.py	Stop	advisories:e13f7d6a3526/plans-only	announce	Claude context lifecycle control warning (LIFECYCLE_INVALID); native Claude behavior continues.
context-handoff-gate.py	Stop	advisories:e1f51dde3b65/claims-done	announce	Claude context lifecycle control warning (LIFECYCLE_INVALID); native Claude behavior continues.
context-handoff-gate.py	Stop	advisories:e66e6a9d3866/plans-only	announce	Claude context lifecycle control warning (LIFECYCLE_INVALID); native Claude behavior continues.
context-handoff-gate.py	Stop	advisories:e79083884848/asks-permission	announce	Claude context lifecycle control warning (LIFECYCLE_INVALID); native Claude behavior continues.
context-handoff-gate.py	Stop	advisories:e9f80b77d08a/plans-only	announce	Claude context lifecycle control warning (LIFECYCLE_INVALID); native Claude behavior continues.
context-handoff-gate.py	Stop	advisories:f063a6d896e6/plans-only	announce	Claude context lifecycle control warning (LIFECYCLE_INVALID); native Claude behavior continues.
context-handoff-gate.py	Stop	advisories:f274bfc032e8/asks-permission	announce	Claude context lifecycle control warning (LIFECYCLE_INVALID); native Claude behavior continues.
context-handoff-gate.py	Stop	advisories:f510bb7f7997/reports-evidence	announce	Claude context lifecycle control warning (LIFECYCLE_INVALID); native Claude behavior continues.
context-handoff-gate.py	Stop	advisories:f9556cac264d/claims-done	announce	Claude context lifecycle control warning (LIFECYCLE_INVALID); native Claude behavior continues.
context-handoff-gate.py	Stop	advisories:fb34ec1f1d75/claims-done	announce	Claude context lifecycle control warning (LIFECYCLE_INVALID); native Claude behavior continues.
context-handoff-gate.py	Stop	advisories:fc80d2b5ad77/reports-evidence	announce	Claude context lifecycle control warning (LIFECYCLE_INVALID); native Claude behavior continues.
costar-lane-gate.py	PreToolUse[mcp__claude-in-chrome__.*]	(all)	counts	allow=2
delegation-gate.py	PreToolUse[Bash|Read|Grep|Glob|WebFetch|WebSearch]	(all)	counts	allow=368 announce=1
delegation-gate.py	PreToolUse[Bash|Read|Grep|Glob|WebFetch|WebSearch]	bash:9de030768415	announce	MODEL ROOM ROUTE — read the current rule before this CLI call: Decision `<uuid>` records Joe's route:
delegation-gate.py	Stop	(all)	counts	allow=87
draft-export-gate.py	PreToolUse[Bash]	(all)	counts	allow=320
drift-assertion-gate.py	Stop	(all)	counts	allow=87
drift-claim-gate.py	PreToolUse[mcp__.*__(record-defect|add-loop)]	(all)	counts	allow=4
escalation-gate.py	PreToolUse[AskUserQuestion]	(all)	counts	deny=2
escalation-gate.py	PreToolUse[AskUserQuestion]	tool_calls:10abc2f7c35a	deny	ESCALATION GATE — refused. This question is an INTERNAL decision, and internal decisions are yours (rules <hex> + <hex>).
escalation-gate.py	PreToolUse[AskUserQuestion]	tool_calls:5c6f3dfed8db	deny	ESCALATION GATE — refused. This question is an INTERNAL decision, and internal decisions are yours (rules <hex> + <hex>).
escalation-gate.py	PreToolUse[mcp__.*__(record-defect|add-loop)]	(all)	counts	allow=4
executor-tier-gate.py	PreToolUse[Agent]	(all)	counts	allow=4 deny=3
executor-tier-gate.py	PreToolUse[Agent]	agent:2cd5a04c133c	deny	EXECUTOR NOT NAMED. This Agent call passes no `model`, and `Plan` has no model pinned in a definition file, so it will INHERIT THE PARENT TI
executor-tier-gate.py	PreToolUse[Agent]	agent:cce5ca978235	deny	EXECUTOR NOT NAMED. This Agent call passes no `model`, and `general-purpose` has no model pinned in a definition file, so it will INHERIT TH
executor-tier-gate.py	PreToolUse[Agent]	agent:cec1ad97860a	deny	EXECUTOR NOT NAMED. This Agent call passes no `model`, and `Explore` has no model pinned in a definition file, so it will INHERIT THE PARENT
gate-edit-gate.py	PreToolUse[Write|Edit|MultiEdit]	(all)	counts	allow=68 announce=10
gate-edit-gate.py	PreToolUse[Write|Edit|MultiEdit]	edits:0ba2e8a87506	announce	GATE CHANGE ANNOUNCED — hook-meter-run.py is enforcement, and edit just changed it.
gate-edit-gate.py	PreToolUse[Write|Edit|MultiEdit]	edits:4ea164ba7c1a	announce	GATE CHANGE ANNOUNCED — jev-supervisor.py is enforcement, and edit just changed it.
gate-edit-gate.py	PreToolUse[Write|Edit|MultiEdit]	edits:50d0da61a891	announce	GATE CHANGE ANNOUNCED — completion-evidence-gate.py is enforcement, and edit just changed it.
gate-edit-gate.py	PreToolUse[Write|Edit|MultiEdit]	edits:5b6d0f1aa37c	announce	GATE CHANGE ANNOUNCED — guard-unattended.py is enforcement, and edit just changed it.
gate-edit-gate.py	PreToolUse[Write|Edit|MultiEdit]	edits:6a9898a282d3	announce	GATE CHANGE ANNOUNCED — completion-evidence-gate.py is enforcement, and edit just changed it.
gate-edit-gate.py	PreToolUse[Write|Edit|MultiEdit]	edits:7adb3b4daa7b	announce	GATE CHANGE ANNOUNCED — completion-evidence-gate.py is enforcement, and edit just changed it.
gate-edit-gate.py	PreToolUse[Write|Edit|MultiEdit]	edits:cdbcf60040f0	announce	GATE CHANGE ANNOUNCED — bash-write-gate.py is enforcement, and edit just changed it.
gate-edit-gate.py	PreToolUse[Write|Edit|MultiEdit]	edits:cdd65a0f0747	announce	GATE CHANGE ANNOUNCED — peer-broadcast-gate.py is enforcement, and edit just changed it.
gate-edit-gate.py	PreToolUse[Write|Edit|MultiEdit]	edits:d9316125677c	announce	GATE CHANGE ANNOUNCED — guard-unattended.py is enforcement, and edit just changed it.
gate-edit-gate.py	PreToolUse[Write|Edit|MultiEdit]	edits:fa39d0ae0973	announce	GATE CHANGE ANNOUNCED — executor-tier-gate.py is enforcement, and edit just changed it.
guard-unattended.py	PreToolUse[Bash|WebFetch]	(all)	counts	allow=315 deny=6
guard-unattended.py	PreToolUse[Bash|WebFetch]	bash:33015ce0899d	deny	recursive/forced delete — blocked by the CARR unattended guard
guard-unattended.py	PreToolUse[Bash|WebFetch]	bash:66d774f88124	deny	force push — blocked by the CARR unattended guard
guard-unattended.py	PreToolUse[Bash|WebFetch]	bash:6dfb251d684c	deny	broad add (-A/--all/./:/) — blocked by the CARR unattended guard. Add explicit paths instead: `git add <path> [<path>...]`.
guard-unattended.py	PreToolUse[Bash|WebFetch]	bash:7ed14bfb5b26	deny	private key material — blocked by the CARR unattended guard
guard-unattended.py	PreToolUse[Bash|WebFetch]	bash:e3c7b98b9e56	deny	private key material — blocked by the CARR unattended guard
guard-unattended.py	PreToolUse[Bash|WebFetch]	tool_calls:f53afacc66e2	deny	WebFetch to a non-standard port (#) on a host outside KNOWN_HOSTS — blocked by the CARR guard.
jev-supervisor.py	PostToolUse[Bash|Read|Write|Edit|MultiEdit|WebFetch|WebSearch|Grep]	(all)	counts	allow=447
jev-supervisor.py	Stop	(all)	counts	allow=87
ledger-sweep.py	Stop	(all)	counts	allow=87
lint-gate.py	PostToolUse[Write|Edit|MultiEdit|apply_patch|functions\.apply_patch]	(all)	counts	announce=78
lint-gate.py	PostToolUse[Write|Edit|MultiEdit|apply_patch|functions\.apply_patch]	edits:005d482ca566	announce	json schema=jev-post-write-review/v# status=skipped reason=no_jev_candidate
lint-gate.py	PostToolUse[Write|Edit|MultiEdit|apply_patch|functions\.apply_patch]	edits:010a4c03c18b	announce	json schema=jev-post-write-review/v# status=skipped reason=no_jev_candidate
lint-gate.py	PostToolUse[Write|Edit|MultiEdit|apply_patch|functions\.apply_patch]	edits:01ae1bd19913	announce	json schema=jev-post-write-review/v# status=skipped reason=no_jev_candidate
lint-gate.py	PostToolUse[Write|Edit|MultiEdit|apply_patch|functions\.apply_patch]	edits:03e198646e6d	announce	json schema=jev-post-write-review/v# status=skipped reason=no_jev_candidate
lint-gate.py	PostToolUse[Write|Edit|MultiEdit|apply_patch|functions\.apply_patch]	edits:090724b72058	announce	json schema=jev-post-write-review/v# status=skipped reason=no_supported_code_paths
lint-gate.py	PostToolUse[Write|Edit|MultiEdit|apply_patch|functions\.apply_patch]	edits:0a64781c385b	announce	json schema=jev-post-write-review/v# status=skipped reason=no_jev_candidate
lint-gate.py	PostToolUse[Write|Edit|MultiEdit|apply_patch|functions\.apply_patch]	edits:0ba2e8a87506	announce	json schema=jev-post-write-review/v# status=skipped reason=no_jev_candidate
lint-gate.py	PostToolUse[Write|Edit|MultiEdit|apply_patch|functions\.apply_patch]	edits:0ebaefe865cb	announce	json schema=jev-post-write-review/v# status=skipped reason=no_jev_candidate
lint-gate.py	PostToolUse[Write|Edit|MultiEdit|apply_patch|functions\.apply_patch]	edits:0f09b0fb8f85	announce	json schema=jev-post-write-review/v# status=skipped reason=no_jev_candidate
lint-gate.py	PostToolUse[Write|Edit|MultiEdit|apply_patch|functions\.apply_patch]	edits:106ba50bf4f1	announce	json schema=jev-post-write-review/v# status=skipped reason=no_jev_candidate
lint-gate.py	PostToolUse[Write|Edit|MultiEdit|apply_patch|functions\.apply_patch]	edits:12993081a8ac	announce	json schema=jev-post-write-review/v# status=skipped reason=no_jev_candidate
lint-gate.py	PostToolUse[Write|Edit|MultiEdit|apply_patch|functions\.apply_patch]	edits:1c14d7cd0107	announce	json schema=jev-post-write-review/v# status=skipped reason=no_jev_candidate
lint-gate.py	PostToolUse[Write|Edit|MultiEdit|apply_patch|functions\.apply_patch]	edits:24e45f35da6a	announce	json schema=jev-post-write-review/v# status=skipped reason=no_jev_candidate
lint-gate.py	PostToolUse[Write|Edit|MultiEdit|apply_patch|functions\.apply_patch]	edits:282101857332	announce	json schema=jev-post-write-review/v# status=skipped reason=no_jev_candidate
lint-gate.py	PostToolUse[Write|Edit|MultiEdit|apply_patch|functions\.apply_patch]	edits:2846baa603e1	announce	json schema=jev-post-write-review/v# status=skipped reason=no_jev_candidate
lint-gate.py	PostToolUse[Write|Edit|MultiEdit|apply_patch|functions\.apply_patch]	edits:2a66692e0056	announce	json schema=jev-post-write-review/v# status=skipped reason=no_jev_candidate
lint-gate.py	PostToolUse[Write|Edit|MultiEdit|apply_patch|functions\.apply_patch]	edits:2d46204312ac	announce	json schema=jev-post-write-review/v# status=skipped reason=no_jev_candidate
lint-gate.py	PostToolUse[Write|Edit|MultiEdit|apply_patch|functions\.apply_patch]	edits:352c8dc8ef9e	announce	json schema=jev-post-write-review/v# status=skipped reason=no_supported_code_paths
lint-gate.py	PostToolUse[Write|Edit|MultiEdit|apply_patch|functions\.apply_patch]	edits:35d9f017b2f2	announce	json schema=jev-post-write-review/v# status=skipped reason=no_jev_candidate
lint-gate.py	PostToolUse[Write|Edit|MultiEdit|apply_patch|functions\.apply_patch]	edits:37a4a6b3751c	announce	json schema=jev-post-write-review/v# status=skipped reason=no_jev_candidate
lint-gate.py	PostToolUse[Write|Edit|MultiEdit|apply_patch|functions\.apply_patch]	edits:3ea11d9f62a3	announce	json schema=jev-post-write-review/v# status=skipped reason=no_jev_candidate
lint-gate.py	PostToolUse[Write|Edit|MultiEdit|apply_patch|functions\.apply_patch]	edits:46ed19be24a5	announce	json schema=jev-post-write-review/v# status=skipped reason=no_supported_code_paths
lint-gate.py	PostToolUse[Write|Edit|MultiEdit|apply_patch|functions\.apply_patch]	edits:48d455eec5a1	announce	json schema=jev-post-write-review/v# status=skipped reason=no_jev_candidate
lint-gate.py	PostToolUse[Write|Edit|MultiEdit|apply_patch|functions\.apply_patch]	edits:4ea164ba7c1a	announce	json schema=jev-post-write-review/v# status=skipped reason=no_jev_candidate
lint-gate.py	PostToolUse[Write|Edit|MultiEdit|apply_patch|functions\.apply_patch]	edits:4eeb44ad3d4f	announce	json schema=jev-post-write-review/v# status=skipped reason=no_jev_candidate
lint-gate.py	PostToolUse[Write|Edit|MultiEdit|apply_patch|functions\.apply_patch]	edits:50d0da61a891	announce	json schema=jev-post-write-review/v# status=skipped reason=no_jev_candidate
lint-gate.py	PostToolUse[Write|Edit|MultiEdit|apply_patch|functions\.apply_patch]	edits:52c30beb1863	announce	json schema=jev-post-write-review/v# status=skipped reason=no_jev_candidate
lint-gate.py	PostToolUse[Write|Edit|MultiEdit|apply_patch|functions\.apply_patch]	edits:5b6d0f1aa37c	announce	json schema=jev-post-write-review/v# status=skipped reason=no_jev_candidate
lint-gate.py	PostToolUse[Write|Edit|MultiEdit|apply_patch|functions\.apply_patch]	edits:5b9f3adbd9c3	announce	json schema=jev-post-write-review/v# status=skipped reason=no_jev_candidate
lint-gate.py	PostToolUse[Write|Edit|MultiEdit|apply_patch|functions\.apply_patch]	edits:5f1136cb8536	announce	json schema=jev-post-write-review/v# status=skipped reason=no_jev_candidate
lint-gate.py	PostToolUse[Write|Edit|MultiEdit|apply_patch|functions\.apply_patch]	edits:5fcdef5490e0	announce	json schema=jev-post-write-review/v# status=skipped reason=no_jev_candidate
lint-gate.py	PostToolUse[Write|Edit|MultiEdit|apply_patch|functions\.apply_patch]	edits:6a9898a282d3	announce	json schema=jev-post-write-review/v# status=skipped reason=no_jev_candidate
lint-gate.py	PostToolUse[Write|Edit|MultiEdit|apply_patch|functions\.apply_patch]	edits:6d024df913ba	announce	json schema=jev-post-write-review/v# status=skipped reason=no_jev_candidate
lint-gate.py	PostToolUse[Write|Edit|MultiEdit|apply_patch|functions\.apply_patch]	edits:7531ac48792e	announce	json schema=jev-post-write-review/v# status=skipped reason=no_jev_candidate
lint-gate.py	PostToolUse[Write|Edit|MultiEdit|apply_patch|functions\.apply_patch]	edits:77ec78177980	announce	json schema=jev-post-write-review/v# status=skipped reason=no_jev_candidate
lint-gate.py	PostToolUse[Write|Edit|MultiEdit|apply_patch|functions\.apply_patch]	edits:7a7a7df59adf	announce	json schema=jev-post-write-review/v# status=skipped reason=no_supported_code_paths
lint-gate.py	PostToolUse[Write|Edit|MultiEdit|apply_patch|functions\.apply_patch]	edits:7adb3b4daa7b	announce	json schema=jev-post-write-review/v# status=skipped reason=no_jev_candidate
lint-gate.py	PostToolUse[Write|Edit|MultiEdit|apply_patch|functions\.apply_patch]	edits:7c8038af7afb	announce	json schema=jev-post-write-review/v# status=skipped reason=no_jev_candidate
lint-gate.py	PostToolUse[Write|Edit|MultiEdit|apply_patch|functions\.apply_patch]	edits:7f53c2334c84	announce	json schema=jev-post-write-review/v# status=skipped reason=no_jev_candidate
lint-gate.py	PostToolUse[Write|Edit|MultiEdit|apply_patch|functions\.apply_patch]	edits:82f56361511d	announce	json schema=jev-post-write-review/v# status=skipped reason=no_jev_candidate
lint-gate.py	PostToolUse[Write|Edit|MultiEdit|apply_patch|functions\.apply_patch]	edits:839237a8b67e	announce	json schema=jev-post-write-review/v# status=skipped reason=no_jev_candidate
lint-gate.py	PostToolUse[Write|Edit|MultiEdit|apply_patch|functions\.apply_patch]	edits:8aa933223041	announce	json schema=jev-post-write-review/v# status=skipped reason=no_jev_candidate
lint-gate.py	PostToolUse[Write|Edit|MultiEdit|apply_patch|functions\.apply_patch]	edits:8b325b1e48d3	announce	json schema=jev-post-write-review/v# status=skipped reason=no_jev_candidate
lint-gate.py	PostToolUse[Write|Edit|MultiEdit|apply_patch|functions\.apply_patch]	edits:8cb3c1a0ec84	announce	json schema=jev-post-write-review/v# status=skipped reason=no_jev_candidate
lint-gate.py	PostToolUse[Write|Edit|MultiEdit|apply_patch|functions\.apply_patch]	edits:9040e248320f	announce	json schema=jev-post-write-review/v# status=skipped reason=no_jev_candidate
lint-gate.py	PostToolUse[Write|Edit|MultiEdit|apply_patch|functions\.apply_patch]	edits:936ead460a28	announce	json schema=jev-post-write-review/v# status=skipped reason=no_jev_candidate
lint-gate.py	PostToolUse[Write|Edit|MultiEdit|apply_patch|functions\.apply_patch]	edits:938f9e05899c	announce	json schema=jev-post-write-review/v# status=skipped reason=no_jev_candidate
lint-gate.py	PostToolUse[Write|Edit|MultiEdit|apply_patch|functions\.apply_patch]	edits:95954e0ba4f7	announce	json schema=jev-post-write-review/v# status=skipped reason=no_jev_candidate
lint-gate.py	PostToolUse[Write|Edit|MultiEdit|apply_patch|functions\.apply_patch]	edits:9c08586d67cf	announce	json schema=jev-post-write-review/v# status=skipped reason=no_jev_candidate
lint-gate.py	PostToolUse[Write|Edit|MultiEdit|apply_patch|functions\.apply_patch]	edits:a6bb8d7e4899	announce	json schema=jev-post-write-review/v# status=skipped reason=no_jev_candidate
lint-gate.py	PostToolUse[Write|Edit|MultiEdit|apply_patch|functions\.apply_patch]	edits:bd28a4705e8e	announce	json schema=jev-post-write-review/v# status=skipped reason=no_jev_candidate
lint-gate.py	PostToolUse[Write|Edit|MultiEdit|apply_patch|functions\.apply_patch]	edits:c44bca5616e8	announce	json schema=jev-post-write-review/v# status=skipped reason=no_jev_candidate
lint-gate.py	PostToolUse[Write|Edit|MultiEdit|apply_patch|functions\.apply_patch]	edits:c97dd4636c97	announce	json schema=jev-post-write-review/v# status=skipped reason=no_supported_code_paths
lint-gate.py	PostToolUse[Write|Edit|MultiEdit|apply_patch|functions\.apply_patch]	edits:cdbcf60040f0	announce	json schema=jev-post-write-review/v# status=skipped reason=no_jev_candidate
lint-gate.py	PostToolUse[Write|Edit|MultiEdit|apply_patch|functions\.apply_patch]	edits:cdd65a0f0747	announce	json schema=jev-post-write-review/v# status=skipped reason=no_jev_candidate
lint-gate.py	PostToolUse[Write|Edit|MultiEdit|apply_patch|functions\.apply_patch]	edits:cf9fe3e4634d	announce	json schema=jev-post-write-review/v# status=skipped reason=no_jev_candidate
lint-gate.py	PostToolUse[Write|Edit|MultiEdit|apply_patch|functions\.apply_patch]	edits:d1e2d11c38bf	announce	json schema=jev-post-write-review/v# status=skipped reason=no_jev_candidate
lint-gate.py	PostToolUse[Write|Edit|MultiEdit|apply_patch|functions\.apply_patch]	edits:d1f3ea015436	announce	json schema=jev-post-write-review/v# status=skipped reason=no_jev_candidate
lint-gate.py	PostToolUse[Write|Edit|MultiEdit|apply_patch|functions\.apply_patch]	edits:d2e9f981721e	announce	json schema=jev-post-write-review/v# status=skipped reason=no_jev_candidate
lint-gate.py	PostToolUse[Write|Edit|MultiEdit|apply_patch|functions\.apply_patch]	edits:d30781a88870	announce	json schema=jev-post-write-review/v# status=skipped reason=no_supported_code_paths
lint-gate.py	PostToolUse[Write|Edit|MultiEdit|apply_patch|functions\.apply_patch]	edits:d4564e9ee298	announce	json schema=jev-post-write-review/v# status=skipped reason=no_jev_candidate
lint-gate.py	PostToolUse[Write|Edit|MultiEdit|apply_patch|functions\.apply_patch]	edits:d9316125677c	announce	json schema=jev-post-write-review/v# status=skipped reason=no_jev_candidate
lint-gate.py	PostToolUse[Write|Edit|MultiEdit|apply_patch|functions\.apply_patch]	edits:d9f8158e788a	announce	json schema=jev-post-write-review/v# status=skipped reason=no_jev_candidate
lint-gate.py	PostToolUse[Write|Edit|MultiEdit|apply_patch|functions\.apply_patch]	edits:e118d512a4fa	announce	json schema=jev-post-write-review/v# status=skipped reason=no_jev_candidate
lint-gate.py	PostToolUse[Write|Edit|MultiEdit|apply_patch|functions\.apply_patch]	edits:e43bee54f105	announce	json schema=jev-post-write-review/v# status=skipped reason=no_jev_candidate
lint-gate.py	PostToolUse[Write|Edit|MultiEdit|apply_patch|functions\.apply_patch]	edits:e4504e612dc7	announce	json schema=jev-post-write-review/v# status=skipped reason=no_jev_candidate
lint-gate.py	PostToolUse[Write|Edit|MultiEdit|apply_patch|functions\.apply_patch]	edits:e6159e6e35df	announce	json schema=jev-post-write-review/v# status=skipped reason=no_jev_candidate
lint-gate.py	PostToolUse[Write|Edit|MultiEdit|apply_patch|functions\.apply_patch]	edits:e87f7bda8743	announce	json schema=jev-post-write-review/v# status=skipped reason=no_jev_candidate
lint-gate.py	PostToolUse[Write|Edit|MultiEdit|apply_patch|functions\.apply_patch]	edits:e9dc423af926	announce	json schema=jev-post-write-review/v# status=skipped reason=no_jev_candidate
lint-gate.py	PostToolUse[Write|Edit|MultiEdit|apply_patch|functions\.apply_patch]	edits:ed4bb40b7621	announce	json schema=jev-post-write-review/v# status=skipped reason=no_jev_candidate
lint-gate.py	PostToolUse[Write|Edit|MultiEdit|apply_patch|functions\.apply_patch]	edits:eeffd812b61c	announce	json schema=jev-post-write-review/v# status=skipped reason=no_jev_candidate
lint-gate.py	PostToolUse[Write|Edit|MultiEdit|apply_patch|functions\.apply_patch]	edits:f04b9936c6a2	announce	json schema=jev-post-write-review/v# status=skipped reason=no_supported_code_paths
lint-gate.py	PostToolUse[Write|Edit|MultiEdit|apply_patch|functions\.apply_patch]	edits:f47899fdbe4b	announce	json schema=jev-post-write-review/v# status=skipped reason=no_jev_candidate
lint-gate.py	PostToolUse[Write|Edit|MultiEdit|apply_patch|functions\.apply_patch]	edits:f5c0deb10c61	announce	json schema=jev-post-write-review/v# status=skipped reason=no_jev_candidate
lint-gate.py	PostToolUse[Write|Edit|MultiEdit|apply_patch|functions\.apply_patch]	edits:f66adb22dbc7	announce	json schema=jev-post-write-review/v# status=skipped reason=no_jev_candidate
lint-gate.py	PostToolUse[Write|Edit|MultiEdit|apply_patch|functions\.apply_patch]	edits:fa39d0ae0973	announce	json schema=jev-post-write-review/v# status=skipped reason=no_jev_candidate
lint-gate.py	PostToolUse[Write|Edit|MultiEdit|apply_patch|functions\.apply_patch]	edits:fcec80f23365	announce	json schema=jev-post-write-review/v# status=skipped reason=no_jev_candidate
lint-gate.py	PostToolUse[Write|Edit|MultiEdit|apply_patch|functions\.apply_patch]	edits:fd26ca56df4b	announce	json schema=jev-post-write-review/v# status=skipped reason=no_jev_candidate
loose-work-gate.py	Stop	(all)	counts	allow=87
map-architecture-gate.py	Stop	(all)	counts	allow=87
model-floor-gate.py	PreToolUse[Bash|mcp__claude-in-chrome__.*]	(all)	counts	allow=322
one-repo-gate.py	PreToolUse[Write|Edit|MultiEdit]	(all)	counts	allow=78
peer-broadcast-gate.py	PreToolUse[SendMessage]	(all)	counts	allow=2
record-home-gate.py	PreToolUse[Write|Edit|MultiEdit]	(all)	counts	allow=78
rule-pack-drift-gate.py	Stop	(all)	counts	allow=87
rule-pack-preuse-reselection.py	PreToolUse[Bash|Write|Edit|MultiEdit|Agent|WebFetch|WebSearch|mcp__.*]	(all)	counts	allow=400 announce=18
rule-pack-preuse-reselection.py	PreToolUse[Bash|Write|Edit|MultiEdit|Agent|WebFetch|WebSearch|mcp__.*]	agent:2cd5a04c133c	announce	RULE JIT TRIGGER DELIVERY FAILED: selector_unavailable. One or more matched triggers were not delivered; Stop telemetry must treat their pac
rule-pack-preuse-reselection.py	PreToolUse[Bash|Write|Edit|MultiEdit|Agent|WebFetch|WebSearch|mcp__.*]	agent:3d22d90ff649	announce	RULE JIT TRIGGER DELIVERY FAILED: selector_unavailable. One or more matched triggers were not delivered; Stop telemetry must treat their pac
rule-pack-preuse-reselection.py	PreToolUse[Bash|Write|Edit|MultiEdit|Agent|WebFetch|WebSearch|mcp__.*]	agent:42d84884c681	announce	RULE JIT TRIGGER DELIVERY FAILED: selector_unavailable. One or more matched triggers were not delivered; Stop telemetry must treat their pac
rule-pack-preuse-reselection.py	PreToolUse[Bash|Write|Edit|MultiEdit|Agent|WebFetch|WebSearch|mcp__.*]	agent:bb9e026b746e	announce	RULE JIT TRIGGER DELIVERY FAILED: selector_unavailable. One or more matched triggers were not delivered; Stop telemetry must treat their pac
rule-pack-preuse-reselection.py	PreToolUse[Bash|Write|Edit|MultiEdit|Agent|WebFetch|WebSearch|mcp__.*]	agent:c2540cd6159d	announce	RULE JIT TRIGGER DELIVERY FAILED: selector_unavailable. One or more matched triggers were not delivered; Stop telemetry must treat their pac
rule-pack-preuse-reselection.py	PreToolUse[Bash|Write|Edit|MultiEdit|Agent|WebFetch|WebSearch|mcp__.*]	agent:cce5ca978235	announce	RULE JIT TRIGGER DELIVERY FAILED: selector_unavailable. One or more matched triggers were not delivered; Stop telemetry must treat their pac
rule-pack-preuse-reselection.py	PreToolUse[Bash|Write|Edit|MultiEdit|Agent|WebFetch|WebSearch|mcp__.*]	agent:cec1ad97860a	announce	RULE JIT TRIGGER DELIVERY FAILED: selector_unavailable. One or more matched triggers were not delivered; Stop telemetry must treat their pac
rule-pack-preuse-reselection.py	PreToolUse[Bash|Write|Edit|MultiEdit|Agent|WebFetch|WebSearch|mcp__.*]	bash:3342ce883d29	announce	RULE JIT TRIGGER DELIVERY FAILED: selector_unavailable. One or more matched triggers were not delivered; Stop telemetry must treat their pac
rule-pack-preuse-reselection.py	PreToolUse[Bash|Write|Edit|MultiEdit|Agent|WebFetch|WebSearch|mcp__.*]	bash:3b2b7a700200	announce	RULE JIT TRIGGER DELIVERY FAILED: selector_unavailable. One or more matched triggers were not delivered; Stop telemetry must treat their pac
rule-pack-preuse-reselection.py	PreToolUse[Bash|Write|Edit|MultiEdit|Agent|WebFetch|WebSearch|mcp__.*]	bash:43187da73851	announce	RULE JIT TRIGGER DELIVERY FAILED: selector_unavailable. One or more matched triggers were not delivered; Stop telemetry must treat their pac
rule-pack-preuse-reselection.py	PreToolUse[Bash|Write|Edit|MultiEdit|Agent|WebFetch|WebSearch|mcp__.*]	bash:55a01e671452	announce	RULE JIT TRIGGER DELIVERY FAILED: selector_unavailable. One or more matched triggers were not delivered; Stop telemetry must treat their pac
rule-pack-preuse-reselection.py	PreToolUse[Bash|Write|Edit|MultiEdit|Agent|WebFetch|WebSearch|mcp__.*]	bash:64abd7c32f8c	announce	RULE JIT TRIGGER DELIVERY FAILED: selector_unavailable. One or more matched triggers were not delivered; Stop telemetry must treat their pac
rule-pack-preuse-reselection.py	PreToolUse[Bash|Write|Edit|MultiEdit|Agent|WebFetch|WebSearch|mcp__.*]	bash:66d774f88124	announce	RULE JIT TRIGGER DELIVERY FAILED: selector_unavailable. One or more matched triggers were not delivered; Stop telemetry must treat their pac
rule-pack-preuse-reselection.py	PreToolUse[Bash|Write|Edit|MultiEdit|Agent|WebFetch|WebSearch|mcp__.*]	bash:da8be7f9827b	announce	RULE JIT TRIGGER DELIVERY FAILED: selector_unavailable. One or more matched triggers were not delivered; Stop telemetry must treat their pac
rule-pack-preuse-reselection.py	PreToolUse[Bash|Write|Edit|MultiEdit|Agent|WebFetch|WebSearch|mcp__.*]	tool_calls:5438c6b24739	announce	RULE JIT TRIGGER DELIVERY FAILED: selector_unavailable. One or more matched triggers were not delivered; Stop telemetry must treat their pac
rule-pack-preuse-reselection.py	PreToolUse[Bash|Write|Edit|MultiEdit|Agent|WebFetch|WebSearch|mcp__.*]	tool_calls:66875750858a	announce	RULE JIT TRIGGER DELIVERY FAILED: selector_unavailable. One or more matched triggers were not delivered; Stop telemetry must treat their pac
rule-pack-preuse-reselection.py	PreToolUse[Bash|Write|Edit|MultiEdit|Agent|WebFetch|WebSearch|mcp__.*]	tool_calls:cecc21cf0cee	announce	RULE JIT TRIGGER DELIVERY FAILED: selector_unavailable. One or more matched triggers were not delivered; Stop telemetry must treat their pac
rule-pack-preuse-reselection.py	PreToolUse[Bash|Write|Edit|MultiEdit|Agent|WebFetch|WebSearch|mcp__.*]	tool_calls:f53afacc66e2	announce	RULE JIT TRIGGER DELIVERY FAILED: selector_unavailable. One or more matched triggers were not delivered; Stop telemetry must treat their pac
rule-pack-preuse-reselection.py	UserPromptSubmit	(all)	counts	announce=6
rule-pack-preuse-reselection.py	UserPromptSubmit	prompts:569a14d8e0fb	announce	json schema=jev-build-turn-receipt/v# schema=jev-build-advisory-unavailable/v# status=unavailable effect=visible_advisory_abstention
rule-pack-preuse-reselection.py	UserPromptSubmit	prompts:5fd34f7d4ca1	announce	json schema=jev-build-turn-receipt/v# schema=jev-build-advisory-unavailable/v# status=unavailable effect=visible_advisory_abstention
rule-pack-preuse-reselection.py	UserPromptSubmit	prompts:7674642d6663	announce	json schema=jev-build-turn-receipt/v# schema=jev-build-advisory-unavailable/v# status=unavailable effect=visible_advisory_abstention
rule-pack-preuse-reselection.py	UserPromptSubmit	prompts:ab28e9ffe2a1	announce	json schema=jev-build-turn-receipt/v# schema=jev-build-advisory-unavailable/v# status=unavailable effect=visible_advisory_abstention
rule-pack-preuse-reselection.py	UserPromptSubmit	prompts:c81467db0c27	announce	json schema=jev-build-turn-receipt/v# schema=jev-build-advisory-unavailable/v# status=unavailable effect=visible_advisory_abstention
rule-pack-preuse-reselection.py	UserPromptSubmit	prompts:dd2a9a8193d4	announce	json schema=jev-build-turn-receipt/v# schema=jev-build-advisory-unavailable/v# status=unavailable effect=visible_advisory_abstention
rule-shape-gate.py	PreToolUse[mcp__.*__(teach|activate-rule)]	(all)	counts	allow=2 announce=1
rule-shape-gate.py	PreToolUse[mcp__.*__(teach|activate-rule)]	tool_calls:0d9264aee317	announce	ENFORCEMENT CLASSIFICATION OBLIGATION — rule <hex> ("a rule ships with its enforcement decided at creation") applies to the rule you are abo
scheduled-run-record.py	Stop	(all)	counts	allow=87
settings-change-gate.py	PostToolUse[Bash]	(all)	counts	allow=320
settings-change-gate.py	PreToolUse[Bash]	(all)	counts	allow=320
staging-observation-tracker.py	PostToolUse[Bash]	(all)	counts	allow=320
staging-observation-tracker.py	PreToolUse[Bash]	(all)	counts	allow=320
stale-claim-gate.py	Stop	(all)	counts	allow=87
unread-artifact-gate.py	Stop	(all)	counts	allow=87
weekend-quiet-gate.py	PreToolUse[PushNotification|mcp__.*__(send_message|create_draft|update_draft)]	(all)	counts	allow=6
write-effect-check.py	PostToolUse[Bash]	(all)	counts	allow=320
write-effect-check.py	PreToolUse[Bash]	(all)	counts	allow=320
